node_id,label,attention_centrality,trade_centrality,amplification_ratio
1622,MLT_T,0.02111204079868426,1.1063783859914385e-12,21088708.707182165
2350,HRV_T,0.02111186663226033,1.9983022574587415e-12,21069762.877538025
2025,SVN_C19,0.021112075073296682,2.263647602572342e-11,20644750.66970487
1962,SVK_A03,0.021111982700674683,5.1335284741313635e-11,20081113.04460726
1991,SVK_H50,0.021111705141710523,7.050923811335022e-11,19721179.780678473
1492,LVA_J58,0.02111027962450168,1.2840382006677004e-10,18708089.470356934
713,EST_K65,0.02111051310694426,1.5848944608379437e-10,18222447.496873718
209,BGR_K65,0.021112038007629706,1.9579609557032329e-10,17655215.70595238
1380,LTU_J58,0.021110146056392262,2.1703056400609124e-10,17345617.013022367
1391,LTU_M73,0.021110982576620398,3.0938480869136485e-10,16122825.342474602
2052,SVN_J58,0.021111959302929143,3.120962139176152e-10,16090252.436514337
417,CYP_E37_E39,0.021098309590177663,3.5470572667459633e-10,15574090.501534823
1386,LTU_K66,0.021110825689226415,3.7262426885713e-10,15379901.236048844
1490,LVA_H53,0.021110265945679753,3.857376626945608e-10,15233955.541506272
2328,HRV_H51,0.021111900702679376,4.0341475801149117e-10,15043236.920632774
2057,SVN_K65,0.02111207720031983,4.6013445121721097e-10,14458995.322465122
1487,LVA_H50,0.021110431363072894,5.268349947597225e-10,13826269.004526606
1592,MLT_E36,0.021110631742781202,5.528894978469816e-10,13594419.803888325
1381,LTU_J59_J60,0.02111109369929831,5.803120012196622e-10,13358813.755135106
1497,LVA_K65,0.021110679911171323,5.856811749971372e-10,13313319.375951748
1611,MLT_L68,0.021111598180573066,6.002978481192237e-10,13192293.050562317
954,HUN_A03,0.021111802021621315,6.098467705634475e-10,13114168.63247933
1378,LTU_H53,0.021111099267749546,6.214716951976267e-10,13019714.9480161
438,CYP_M72,0.021108591916438612,6.921570784744001e-10,12474369.067125559
1850,ROU_A03,0.02111208298327316,7.583405833689307e-10,12006822.33178228
1994,SVK_H53,0.02111207624457436,7.702330180042457e-10,11926156.630145809
2058,SVN_K66,0.0211120599177462,7.743607104063738e-10,11898403.63006629
937,GRC_K65,0.021111996134468375,8.427788158679411e-10,11456608.873878721
210,BGR_K66,0.021112092142508098,8.938258101458167e-10,11147853.213006193
2297,HRV_A02,0.021112058720685077,9.037361757416104e-10,11089802.772939777
192,BGR_E36,0.02111205118549312,9.662067496380232e-10,10737452.299652532
87,AUT_H50,0.021111878329899057,1.0417041643438531e-09,10340321.92253662
2049,SVN_H52,0.02111183426003518,1.0609784040842836e-09,10243598.000928793
2325,HRV_G47,0.02111199566847296,1.1043493552100461e-09,10032552.634952413
1496,LVA_K64,0.021110547573959308,1.125581567155491e-09,9931657.246261312
2347,HRV_P85,0.02111198247997445,1.1476157775655436e-09,9830428.096363772
2050,SVN_H53,0.021112080396511235,1.173643707495065e-09,9712760.340488859
1834,PRT_K66,0.021112178084416268,1.1790588505405231e-09,9688668.151013598
1570,MLT_A03,0.021111752971868108,1.1992600946413322e-09,9599479.853841996
401,CYP_C19,0.021109457591743715,1.1993185174111213e-09,9598181.175045187
2063,SVN_M73,0.021112034479728155,1.2445363203513136e-09,9405966.96444801
1826,PRT_H53,0.021112188595750838,1.2547069596472641e-09,9363606.434715454
1604,MLT_J58,0.021111104773072036,1.367167875295185e-09,8918296.41378497
1610,MLT_K66,0.021111194372488602,1.4239998812279454e-09,8709239.029250335
2330,HRV_H53,0.021111467939746893,1.504511173367405e-09,8429376.62416645
208,BGR_K64,0.02111206420236093,1.566740944723982e-09,8225241.524960847
439,CYP_M73,0.021100099998365637,1.5654757358201766e-09,8224634.403575828
1582,MLT_C24,0.021111758438016028,1.5823702179854113e-09,8175341.510283517
1385,LTU_K65,0.0211109152145137,1.7867053538249602e-09,7575582.106496261
58,AUT_A03,0.021111951125176533,1.8536483799200674e-09,7398231.4267351655
2001,SVK_K65,0.021112137834205607,1.9302279451134856e-09,7204947.270198787
479,CZE_H50,0.02111188943792826,1.9597574937106814e-09,7132979.469699745
1501,LVA_M71,0.021110114659732226,2.0815324199872395e-09,6850524.928054998
1823,PRT_H50,0.021111799589042544,2.1175144985049255e-09,6771997.2430496095
1840,PRT_M74_M75,0.02111218436355376,2.1629191118291463e-09,6674904.927095774
1609,MLT_K65,0.021110766298443766,2.227386744195451e-09,6541133.112234564
1506,LVA_O84,0.02110994590345069,2.7407228114809535e-09,5643279.913352696
1833,PRT_K65,0.021112097908348615,2.749503812013383e-09,5630637.803515656
1597,MLT_G47,0.021110919765991477,2.787884558053088e-09,5573274.328307975
1457,LVA_A02,0.02111026400877244,2.8581903980675193e-09,5471545.421746449
1738,POL_A03,0.02111038211953251,3.12526126010371e-09,5117344.281608431
170,BGR_A03,0.021111313558236092,3.158477247241183e-09,5076693.294941498
1828,PRT_J58,0.0211120344183438,3.161925527523198e-09,5072660.305603252
1793,PRT_A02,0.02111223120299728,3.2603680336836322e-09,4955494.698128946
1465,LVA_C19,0.02109877779160837,3.364445630822171e-09,4834240.033283173
215,BGR_M73,0.02111212332464258,3.3690830099832397e-09,4832163.471465737
983,HUN_H50,0.02111162828843036,3.493555518595239e-09,4698201.279825338
1961,SVK_A02,0.02111211886883807,3.772108097770465e-09,4424065.514924459
1794,PRT_A03,0.021111938495314318,4.19225521100167e-09,4066044.067052221
1493,LVA_J59_J60,0.02111060274786875,4.3118862896124695e-09,3974219.626867969
617,ESP_A02,0.021112229418982418,4.374757518577144e-09,3928033.840784588
1373,LTU_G47,0.02111108434329122,4.416657624407176e-09,3897437.4618336186
2047,SVN_H50,0.02111131741955378,4.4372282939780675e-09,3882735.1507265847
703,EST_H50,0.021110025722587116,4.796056219817724e-09,3642136.121869948
1393,LTU_N,0.021111110285236954,5.016475368483631e-09,3508883.3564954353
2354,CHE_A03,0.021112045491244753,5.0800646760101416e-09,3472338.966153711
1567,MEX_U,0.02111278236416125,5.183465020119127e-09,3414393.4340158203
2333,HRV_J59_J60,0.021112052842361104,5.420513397944774e-09,3288218.7971321945
704,EST_H51,0.02110989493842864,5.439079925230198e-09,3278402.3779102196
953,HUN_A02,0.02111176686674073,5.608898579773457e-09,3194445.58150027
1996,SVK_J58,0.021111954401037823,5.64081356187487e-09,3179121.685066157
2007,SVK_M73,0.021112136706432996,5.700738036122065e-09,3150718.1138290367
561,DNK_A02,0.020651350012593554,5.587343447174737e-09,3135004.2969826884
1408,LUX_C18,0.021111862081497745,5.871027529914234e-09,3072591.688737022
2018,SVN_A03,0.02111211416199732,6.008630846913878e-09,3012302.206114002
1882,ROU_H53,0.021111702703829366,6.081643679174613e-09,2981186.806378544
2341,HRV_M71,0.021111382525823248,6.232812763943852e-09,2918834.3753435966
1489,LVA_H52,0.021101390899754862,6.25638786556804e-09,2907974.5033864747
1499,LVA_L68,0.021110436257936196,6.590507804301772e-09,2781162.5786053822
1384,LTU_K64,0.0211110365683074,6.693014745413254e-09,2744182.517119738
1401,LUX_A02,0.02111198333834357,6.9216138420533925e-09,2665111.397663263
1825,PRT_H52,0.02111210146539944,7.106673197725095e-09,2604286.7339618355
1681,NOR_A02,0.02110916956742315,7.1732349152763976e-09,2582719.056314961
2345,HRV_N,0.02111202790771923,7.332715246436279e-09,2533631.2694410607
408,CYP_C26,0.02110605777485701,7.389221999569813e-09,2515854.006001903
1603,MLT_I,0.021111685627420378,7.492113065141174e-09,2486034.449315167
1872,ROU_E36,0.02111200483949653,7.501093029439593e-09,2483445.9247046104
1968,SVK_C18,0.021111657609205872,7.653591917476947e-09,2439640.996540222
2056,SVN_K64,0.021112094897860423,8.384874694655381e-09,2249587.297088112
2338,HRV_K66,0.021111806426471324,8.548792808261992e-09,2210939.838196568
1838,PRT_M72,0.02111212435762985,8.946673664955184e-09,2122531.116308114
2329,HRV_H52,0.021112038580933894,9.156888411374646e-09,2078593.140522311
1966,SVK_C16,0.021111935518180896,9.373362722838259e-09,2035206.526780397
1843,PRT_P85,0.021112169431391093,9.578360784241151e-09,1995788.3704290383
919,GRC_D35,0.021112055160378864,9.678399094808322e-09,1977080.5504584697
57,AUT_A02,0.02111188138572373,9.942410669126285e-09,1929362.9186565196
195,BGR_G45,0.021112092526087364,1.0031702386058388e-08,1913765.5991126392
601,DNK_K65,0.02105533266818903,1.00302268733637e-08,1908875.7565843381
2000,SVK_K64,0.021112087099918287,1.059031144358816e-08,1821528.886663148
945,GRC_N,0.021111972268564774,1.08438238829262e-08,1782530.0745141387
1372,LTU_G46,0.021110945649731847,1.0873535320621165e-08,1777983.1431560034
171,BGR_B,0.02111209211180096,1.089215915164751e-08,1775295.1203042169
1687,NOR_C17,0.02110851437489971,1.10176218632135e-08,1756463.5179206175
1836,PRT_M69_M70,0.021112200843715432,1.114141813170044e-08,1738857.9006757762
2346,HRV_O84,0.021112017782249436,1.1659786555411788e-08,1667644.0546483384
1993,SVK_H52,0.0211119607940264,1.1789707744725546e-08,1650699.2353076194
2340,HRV_M69_M70,0.02111201211144375,1.1904144556563007e-08,1636064.4457215294
426,CYP_H53,0.021102513849929366,1.2017761310286913e-08,1621055.521524558
897,GRC_A02,0.021111810681696774,1.2051027793925904e-08,1617635.8686112405
2343,HRV_M73,0.021111404668116313,1.2306070306674493e-08,1586599.512970149
1837,PRT_M71,0.021112183802240687,1.2568188659536653e-08,1556006.0618262112
2012,SVK_Q,0.021112057361857315,1.2581248941773587e-08,1554500.4330875825
1849,ROU_A02,0.021112087184574635,1.276251841994575e-08,1534027.8966658672
1832,PRT_K64,0.021112086055730814,1.284191970740081e-08,1525228.1838076902
708,EST_J58,0.02111068851874057,1.3444906720049405e-08,1461462.432944556
1421,LUX_C31_C32,0.021111997900306795,1.3672630403176723e-08,1438869.3315505243
1963,SVK_B,0.02111205978968957,1.4091715707388356e-08,1398917.1409685297
1420,LUX_C30,0.02111170874832525,1.4285600897651814e-08,1381150.0699045756
2066,SVN_O84,0.021112100043822298,1.4585790510269343e-08,1354573.579691817
412,CYP_C30,0.02110487787720241,1.4775200155619933e-08,1337851.6702803147
1480,LVA_E36,0.021110512836324726,1.4845077129843603e-08,1332307.3572525487
1575,MLT_C17,0.021111760326865375,1.485046444464039e-08,1331933.231395249
1167,IRL_M73,0.02111225827872464,1.4942213413376372e-08,1324299.062576237
429,CYP_J59_J60,0.02110224977575217,1.5471481193531403e-08,1281138.5647600011
1995,SVK_I,0.021112014352815185,1.5610979557326004e-08,1270967.4513748994
730,FIN_A03,0.021108639799614283,1.5645474154056643e-08,1268130.8807577542
907,GRC_C21,0.021112004031761975,1.578247811744354e-08,1257978.9399408405
1835,PRT_L68,0.021112123353532783,1.5848101313557323e-08,1253086.2060132727
2326,HRV_H49,0.021111947273400048,1.6179511929301416e-08,1228902.6230944002
2305,HRV_C19,0.02111206357372458,1.680355029713491e-08,1185834.4667985744
1842,PRT_O84,0.021112109388774853,1.7383631698005117e-08,1148418.8617130432
1992,SVK_H51,0.021111941103508124,1.745163354460086e-08,1144177.3462754304
942,GRC_M72,0.021111863884250005,1.7716935385332213e-08,1127955.161975641
1574,MLT_C16,0.02111196789033079,1.771845775194564e-08,1127868.9820552317
1795,PRT_B,0.02111215218447658,1.8543393592584176e-08,1080270.5315461524
1997,SVK_J59_J60,0.021112159474669597,1.901727775100788e-08,1054696.834268915
1618,MLT_O84,0.021111521690814913,1.9458447877582635e-08,1031921.962855642
217,BGR_N,0.02111209182432649,1.953793131484891e-08,1027956.1023296666
1458,LVA_A03,0.021110475207397488,1.9544747089661898e-08,1027536.3875382172
1346,LTU_A03,0.02111082775241735,2.0000393280531148e-08,1005258.6858927343
203,BGR_I,0.021112030890119076,2.095022764299044e-08,961813.755806809
393,CYP_A02,0.02110993311637378,2.1330504577416065e-08,945340.6233248885
2334,HRV_J61,0.02111205719585294,2.1334257507906843e-08,945276.8773879672
1821,PRT_G47,0.021112164507588967,2.1360952937607838e-08,944153.1658555306
213,BGR_M71,0.021111563055673015,2.200400231512007e-08,917734.3475485919
935,GRC_J62_J63,0.021111737960411412,2.2346786404453232e-08,904267.4051442258
211,BGR_L68,0.02111209036613271,2.333774210353636e-08,867462.9830622231
2185,TWN_A02,0.021112902061144447,2.362210032956788e-08,857477.7041173311
1375,LTU_H50,0.02111088651708441,2.3625224146344764e-08,857287.0805814775
2386,CHE_H53,0.02111188064183095,2.4549433451769138e-08,826315.0211015377
90,AUT_H53,0.02111210528914324,2.4635212052204507e-08,823558.8317408789
1392,LTU_M74_M75,0.021110342783520773,2.5435453054756228e-08,798561.7927483423
435,CYP_L68,0.020700172477916674,2.494881933817475e-08,797730.8026289851
394,CYP_A03,0.02110989990354301,2.574623298428174e-08,789266.2834406962
984,HUN_H51,0.02110743311239894,2.5995480227812525e-08,781887.6691310966
1899,ROU_P85,0.021112070749764435,2.606983956601139e-08,779911.1885492123
1896,ROU_M74_M75,0.021112043321339556,2.6467784173980713e-08,768611.0822633546
1845,PRT_R_S,0.02111216078924036,2.673960873914413e-08,761083.582244201
1620,MLT_Q,0.02111166054517672,2.7170149050203758e-08,749433.7537068877
2003,SVK_L68,0.021112131325934296,2.7294731981417448e-08,746150.6028683954
1829,PRT_J59_J60,0.021112199041678797,2.8858143086267872e-08,707083.4572893636
1895,ROU_M73,0.021112045940612872,2.9276505630734603e-08,697307.8795190086
943,GRC_M73,0.021111761372383967,2.934184682982101e-08,695796.8475285625
1432,LUX_H51,0.021111925282288422,2.998284330860698e-08,681406.9668171341
172,BGR_C10_C12,0.02111200812267609,3.028908528608116e-08,674740.3425074778
949,GRC_R_S,0.021112039092972594,3.034737233998076e-08,673486.7236717663
958,HUN_C16,0.021111303075045332,3.203901896710663e-08,638980.9302771238
650,ESP_H53,0.021112223384683444,3.2307622219823756e-08,633855.6155509066
1856,ROU_C18,0.021111931481582226,3.235854536481599e-08,632879.2592931662
1839,PRT_M73,0.02111219228631421,3.249841722073513e-08,630244.4723640855
904,GRC_C18,0.021111917341286677,3.297518169410978e-08,621392.3307714587
199,BGR_H50,0.021111445108972195,3.309829021515654e-08,619135.0057660148
411,CYP_C29,0.02110563675111904,3.3234373322585544e-08,616504.2529694841
1625,NLD_A02,0.02111207369179784,3.404699327105279e-08,602393.2931569181
2065,SVN_N,0.02111199001643738,3.41448421592824e-08,600713.7525544786
1841,PRT_N,0.021112176857555728,3.424919653333833e-08,598940.6549334548
2324,HRV_G46,0.021111590089712157,3.426941175183477e-08,598580.7259349568
2218,TWN_H53,0.02111278479812096,3.45472617314787e-08,593935.616127209
1400,LUX_A01,0.021112038984301328,3.4700393905764745e-08,591367.1160051891
1144,IRL_E36,0.021112306381540047,3.4964389101169936e-08,587033.6438122136
1884,ROU_J58,0.021111920725036933,3.5132563232497796e-08,584290.7016917297
1407,LUX_C17,0.021111891051216126,3.518223993786566e-08,583487.6748225302
2045,SVN_G47,0.021112101475006875,3.6251524423431763e-08,566744.63130768
1612,MLT_M69_M70,0.02111149014701415,3.65252223195594e-08,562594.6721176422
1688,NOR_C18,0.021108330783186805,3.6800933409807075e-08,558407.6603174687
1599,MLT_H50,0.0211114719985118,3.815403189082693e-08,539190.2437372695
437,CYP_M71,0.021103209441971797,3.8470284130857165e-08,534660.6923833538
1619,MLT_P85,0.021111428630411485,3.879594699528821e-08,530491.9275551114
905,GRC_C19,0.021111953540748477,3.9190100714416064e-08,525302.3298141595
939,GRC_L68,0.02111165129385289,3.956864563601054e-08,520393.29789982544
196,BGR_G46,0.02111182313400984,3.970216359251063e-08,518690.43978523306
1799,PRT_C17,0.021112016822186278,3.9754468289262026e-08,518029.4997922685
1376,LTU_H51,0.02111063233919508,3.985472584628851e-08,516724.3666894633
1367,LTU_D35,0.021111199481811543,4.017031031900785e-08,512777.27367686975
941,GRC_M71,0.021111712698189986,4.038854737355472e-08,510085.8579946043
714,EST_K66,0.021110800795486696,4.0427974735253346e-08,509578.3931122839
1855,ROU_C17,0.02111190903386337,4.229232547676683e-08,487659.3900041993
938,GRC_K66,0.02111208003216821,4.277358231916681e-08,482301.85681933607
1822,PRT_H49,0.021111932802718017,4.2881623462419766e-08,481111.0240895777
902,GRC_C16,0.021111854982539008,4.314545207431727e-08,478233.9740682225
1901,ROU_R_S,0.021111755130586364,4.353118037047192e-08,474089.27755675005
416,CYP_E36,0.02110642390515047,4.443622092166025e-08,464528.5958429845
1404,LUX_C10_C12,0.02111205312405661,4.4554512798592557e-08,463445.9206576979
1827,PRT_I,0.0211121787079581,4.479680498446614e-08,460996.7598202355
214,BGR_M72,0.021112054129904804,4.515463811862785e-08,457419.9905032741
706,EST_H53,0.02111051486560223,4.5174260976838346e-08,457192.2629404195
1177,ITA_A02,0.02111222282964746,4.712485544707325e-08,438696.85702986177
569,DNK_C19,0.02110288047589817,4.754890338272164e-08,434672.64975152037
1424,LUX_E36,0.021112076319666818,4.882579848378584e-08,423717.77195978194
107,AUT_P85,0.02111199388396755,4.893680841144848e-08,422774.1931366088
1815,PRT_D35,0.021112176766198636,4.914943337981727e-08,420985.3500497429
1140,IRL_C30,0.02111176247517138,4.9155841530756866e-08,420923.3028664288
103,AUT_M73,0.02111193828878358,4.9207804308814716e-08,420491.1682440785
1621,MLT_R_S,0.021110987682794572,4.9774952681520485e-08,415775.62494662654
1964,SVK_C10_C12,0.0211118820860922,5.001052905379302e-08,413873.02734752506
647,ESP_H50,0.021112132266889096,5.0223319592956486e-08,412158.6112469005
1425,LUX_E37_E39,0.021111270078035278,5.035946176435628e-08,411049.28581410105
1737,POL_A02,0.021111835176674264,5.100087228054362e-08,405990.0199899793
1772,POL_J58,0.0211117947835674,5.143833477284998e-08,402602.3113628326
1374,LTU_H49,0.02111086320881594,5.150901513439386e-08,402042.6426735272
1767,POL_H50,0.021111269335191064,5.2368924824731674e-08,395572.31862029
1883,ROU_I,0.021112065858903673,5.41848434191122e-08,382570.00565470336
1435,LUX_I,0.021111819033628444,5.506720458261204e-08,376544.88378355483
1891,ROU_L68,0.021111759093689994,5.6168911319769615e-08,369287.4082489187
1783,POL_M73,0.02111191776409219,5.61893044508136e-08,369158.4985484439
1403,LUX_B,0.021112082033630315,5.800659882458041e-08,357791.88182653976
2376,CHE_E36,0.021112038917574318,5.8450170214232994e-08,355121.58908032655
1431,LUX_H50,0.02111189918250836,5.962376127999152e-08,348244.6277954088
398,CYP_C16,0.02110206905784186,5.962144307485934e-08,348095.7890062703
1151,IRL_H50,0.02111195228129335,6.013913750324626e-08,345309.9461890902
2360,CHE_C18,0.021111894109889555,6.02075925169576e-08,344922.79865509324
399,CYP_C17,0.021104331524947353,6.045186540766792e-08,343428.6556631358
1355,LTU_C21,0.021111046490455133,6.058359076467796e-08,342803.1108339275
1615,MLT_M73,0.021110431840709886,6.073526021452642e-08,341950.9655803243
988,HUN_J58,0.02111175289504507,6.10256193214422e-08,340371.49690735544
1614,MLT_M72,0.02111155831900234,6.125783506861534e-08,339098.81857817515
1554,MEX_K66,0.02111278022770878,6.150038879093806e-08,337802.38229125907
1873,ROU_E37_E39,0.02111199568764345,6.202962565974614e-08,334953.531242795
193,BGR_E37_E39,0.021112087842286624,6.24233680551955e-08,332875.5392478273
2298,HRV_A03,0.021111651411085983,6.268831780056085e-08,331483.8912404132
64,AUT_C18,0.021111816631797394,6.504235472616268e-08,319670.8645434465
1851,ROU_B,0.021112070267044897,6.530983992001122e-08,318385.1792209443
1129,IRL_C19,0.021112241949189238,6.684522529292798e-08,311182.4282111998
89,AUT_H52,0.02111187334847656,6.789700671851237e-08,306426.568497117
392,CYP_A01,0.021109269213612853,6.799584384882845e-08,305949.866485636
2225,TWN_K65,0.021112919218997436,6.87413061617137e-08,302731.91571780347
658,ESP_K66,0.021112199836272313,6.893839504225164e-08,301868.520481745
683,EST_C21,0.02111040982382943,6.92761456194766e-08,300392.2545515759
1445,LUX_M71,0.021112032909997337,7.069727163603638e-08,294460.75740748324
1568,MLT_A01,0.021111897960818412,7.105487132791186e-08,292997.5110876412
1498,LVA_K66,0.021110448404022864,7.137488823423915e-08,291681.9482428703
705,EST_H52,0.02110992278599608,7.192373216562891e-08,289479.46243412106
2319,HRV_D35,0.021112064453764623,7.269159931962168e-08,286492.14630551747
1892,ROU_M69_M70,0.02111204581381417,7.273628810930147e-08,286318.2614036547
944,GRC_M74_M75,0.02111200923266554,7.438231959176807e-08,280065.794565587
2046,SVN_H49,0.021112105367288688,7.490222745246256e-08,278148.6930737463
1154,IRL_H53,0.021112335604262435,7.556686263320924e-08,275737.24295587646
1406,LUX_C16,0.021111929024935933,7.627073906386093e-08,273220.2290376418
1613,MLT_M71,0.021111298320379356,7.684259955944645e-08,271204.94998702075
454,CZE_C16,0.02111186989295774,7.70316925210467e-08,270555.0682149237
1479,LVA_D35,0.021110148223844286,7.708347570837489e-08,270353.5931556913
2129,TUR_A02,0.021112243952087214,7.888830131222429e-08,264272.03489501006
1507,LVA_P85,0.021110285207899086,7.990450523507866e-08,260928.42600743164
1166,IRL_M72,0.02111203378273418,8.097717973958495e-08,257535.4976811876
900,GRC_C10_C12,0.021111586570572986,8.21183298911862e-08,253994.35477362305
1467,LVA_C21,0.021110318026140943,8.284709196400154e-08,251771.61821192718
1768,POL_H51,0.021111735820332145,8.292892558774791e-08,251543.02491647855
1485,LVA_G47,0.02111047264755852,8.449114528019343e-08,246931.68606374244
395,CYP_B,0.02110066137569224,8.489152086340101e-08,245666.40762188885
1217,ITA_K65,0.021112270573562,9.005005374664404e-08,231875.4323013254
433,CYP_K65,0.02110243405503938,9.077322121638796e-08,229941.08494113875
1502,LVA_M72,0.021110275375061795,9.246970138713349e-08,225851.53329662522
1405,LUX_C13_C15,0.021111985993675655,9.283302095389576e-08,224995.27116417675
584,DNK_E36,0.021076446583187906,9.311076443628993e-08,223953.62219649178
1145,IRL_E37_E39,0.021112305516830493,9.35948626657236e-08,223186.59726201525
1880,ROU_H51,0.02111204312259878,9.41824763008682e-08,221805.9872267287
959,HUN_C17,0.021111344051568354,9.485651474566495e-08,220239.01148067875
923,GRC_G45,0.021111737213142214,9.514959389851351e-08,219571.77723938995
663,ESP_M73,0.021112182890368092,9.768031320438594e-08,213945.2359321225
1481,LVA_E37_E39,0.021110199903553076,9.84529023125181e-08,212263.2865677158
216,BGR_M74_M75,0.021112068328247656,9.875447986328387e-08,211640.302843364
204,BGR_J58,0.02111185122375297,9.913029890050244e-08,210843.78510376177
1413,LUX_C23,0.021112039647801947,9.930427505618207e-08,210479.9584661446
106,AUT_O84,0.021112006344064474,1.0096263614007713e-07,207056.30163445973
674,EST_A03,0.02111038375455695,1.0158096324749698e-07,205792.4110502253
1127,IRL_C17,0.021111943336877742,1.0313866091997662e-07,202729.1608166617
1335,KOR_M73,0.02111296993873522,1.0358443959503035e-07,201874.86800606683
1817,PRT_E37_E39,0.021112193502779947,1.0359169370148026e-07,201853.44319059586
2320,HRV_E36,0.02111203595998347,1.0412296344136754e-07,200831.81893705585
563,DNK_B,0.02107750295280503,1.0488376917075367e-07,199062.643102687
696,EST_E36,0.02111072455256973,1.0946209094484978e-07,191112.84579168112
611,DNK_P85,0.020773323549789207,1.083076073253168e-07,190044.62779945863
903,GRC_C17,0.02111194805252464,1.1040320788985723e-07,189509.3368711404
400,CYP_C18,0.021104588123810584,1.1121127562291517e-07,188079.03222428676
177,BGR_C19,0.021111742657988652,1.1162556089109654e-07,187450.72158533076
657,ESP_K65,0.02111220138006417,1.1284025910425572e-07,185454.61461686826
81,AUT_E37_E39,0.021112018716697222,1.1311058759775696e-07,185013.6710461757
143,BEL_H50,0.021107396315357328,1.1340218103666573e-07,184501.69502094053
1165,IRL_M71,0.021112425997973104,1.1374194244109893e-07,183999.2033323896
1686,NOR_C16,0.02110759826866482,1.184338343386368e-07,176730.47495751813
430,CYP_J61,0.02110049187922512,1.1957969947388471e-07,174992.07554249285
490,CZE_K66,0.02111172442177812,1.2073258254511583e-07,173427.0643108538
1879,ROU_H50,0.021112049351360643,1.2355537680788344e-07,169499.30137439404
2349,HRV_R_S,0.021111746647448987,1.238347318225003e-07,169117.57120179746
1504,LVA_M74_M75,0.02111028546027231,1.2418467421322385e-07,168633.14613349317
440,CYP_M74_M75,0.021105111193923165,1.2490392384784097e-07,167628.70090871342
427,CYP_I,0.02110161980297687,1.2494780248484072e-07,167542.58023292385
2040,SVN_E36,0.02111210009886363,1.2744167187554186e-07,164371.1093960296
88,AUT_H51,0.021111854504037793,1.2929178997641023e-07,162035.18662119974
1798,PRT_C16,0.02111201429311703,1.3205629841403256e-07,158669.78523198183
2064,SVN_M74_M75,0.021112104433611098,1.3327264387676246e-07,157233.1029169882
2400,CHE_M74_M75,0.021112066195768373,1.3492423918683974e-07,155322.30544066534
1801,PRT_C19,0.02111218158770542,1.3616717370261544e-07,153915.700220503
431,CYP_J62_J63,0.021101768512778427,1.3616016255511106e-07,153847.6487609857
1971,SVK_C21,0.02111187999901396,1.3623847979364488e-07,153833.53146113464
652,ESP_J58,0.02111206473415348,1.3656322700477563e-07,153471.71765184426
1881,ROU_H52,0.021112065367026252,1.368749296528867e-07,153124.75894042445
718,EST_M72,0.021110854876538437,1.381740285608313e-07,151686.74137582458
480,CZE_H51,0.02111195679614911,1.3894154672754052e-07,150862.6800963768
1890,ROU_K66,0.021111981820245245,1.390098941320934e-07,150789.2135132035
404,CYP_C22,0.02110146738263734,1.398725520800073e-07,149791.1911942431
1488,LVA_H51,0.021109759129185356,1.4000036979573282e-07,149714.21110290033
1351,LTU_C17,0.021111021461680993,1.435030870170038e-07,146093.91326841924
1771,POL_I,0.021111757957025187,1.469203668806607e-07,142723.80742577353
1447,LUX_M73,0.02111176698224229,1.4746634603177442e-07,142199.0070242855
450,CZE_A03,0.021112029918391634,1.4762763235079848e-07,142046.46595299285
455,CZE_C17,0.021111712705935592,1.5287272274490327e-07,137202.43802363522
2053,SVN_J59_J60,0.021112151675871143,1.54732491038478e-07,135566.77566182902
2017,SVN_A02,0.021112080792347106,1.551158470096634e-07,135233.4256690821
1463,LVA_C17,0.021110204331239554,1.5552993715473942e-07,134863.68623767365
2388,CHE_J58,0.021112057248622727,1.5773528410793868e-07,133001.66605848452
1441,LUX_K65,0.021112018414653756,1.5899279304329433e-07,131956.05885160595
1153,IRL_H52,0.021112378511591107,1.638611500675243e-07,128061.57486432577
1987,SVK_G45,0.021112076433518798,1.6418089616362059e-07,127811.85308866558
421,CYP_G47,0.02110055866856459,1.6444759912991793e-07,127536.20348395235
2036,SVN_C30,0.0211121690953511,1.6500148354726281e-07,127180.60492116136
102,AUT_M72,0.021111962147751653,1.673585545689852e-07,125398.80852386975
2353,CHE_A02,0.021112046519214514,1.6747164354784697e-07,125315.13360121382
99,AUT_L68,0.02111202915692391,1.6871532008783465e-07,124396.72002502524
56,AUT_A01,0.02111195995089622,1.6903746405024408e-07,124160.63759135976
1616,MLT_M74_M75,0.021111682823546637,1.6996159579788212e-07,123487.86711435323
602,DNK_K66,0.021067563921655756,1.7015806833203053e-07,123088.3482558746
443,CYP_P85,0.021101286388237245,1.715242590683899e-07,122309.09729554346
1390,LTU_M72,0.021111452428824843,1.7196376155538396e-07,122057.08432205227
169,BGR_A02,0.02111207844687685,1.7263580395757947e-07,121588.2782564516
1379,LTU_I,0.021110970413903828,1.7653491495725567e-07,118911.65418918655
406,CYP_C24,0.02109980371643403,1.7730733244733488e-07,118333.90936217444
1437,LUX_J59_J60,0.021112093404573505,1.7842162114599982e-07,117667.49887625902
1427,LUX_G45,0.021112097612544532,1.7887376429657896e-07,117371.74509638072
432,CYP_K64,0.021098403973622025,1.7898172345214408e-07,117225.25803700257
2024,SVN_C18,0.021111916364878622,1.7918709014228863e-07,117166.64245039498
2332,HRV_J58,0.021111967326988414,1.8036392995090345e-07,116406.64895552043
1712,NOR_H51,0.021105409985755184,1.8120780840229952e-07,115831.5341741898
1596,MLT_G46,0.02111175985628373,1.815173615366718e-07,115669.87205237408
2344,HRV_M74_M75,0.021111636315534248,1.848768249060471e-07,113578.63642336956
709,EST_J59_J60,0.021110871570184427,1.8648083920815383e-07,112602.8220235654
452,CZE_C10_C12,0.021111649366745727,1.8714923663667699e-07,112206.93606912204
1345,LTU_A02,0.02111108851454812,1.8792056320127497e-07,111745.84786758485
716,EST_M69_M70,0.021110724988683206,1.8804573386809196e-07,111669.93592890791
2323,HRV_G45,0.021112039050728653,1.922480920609485e-07,109248.36993510979
697,EST_E37_E39,0.02110985725356317,1.9367629836755668e-07,108435.68236389471
1352,LTU_C18,0.021110856690684916,1.940599612877976e-07,108227.52425105475
1721,NOR_K65,0.021108632219022302,1.9513075650061613e-07,107625.3036272564
212,BGR_M69_M70,0.02111157809786023,1.973347183812649e-07,106444.18823978561
1852,ROU_C10_C12,0.021112094543196888,1.9848071267657424e-07,105835.26727933211
1848,ROU_A01,0.02111204390783913,1.9923923751649606e-07,105434.1005773151
397,CYP_C13_C15,0.02110405449474377,1.9962687501994798e-07,105190.56578359919
104,AUT_M74_M75,0.02111203063540197,2.0098973144402293e-07,104520.31637683875
1859,ROU_C21,0.021111972305871005,2.0099183785223216e-07,104518.93764794369
2130,TUR_A03,0.02111197424023576,2.0202291087992895e-07,103988.13684984413
1422,LUX_C33,0.021111770641248032,2.0509739122779857e-07,102435.89458108804
2327,HRV_H50,0.02111181588782463,2.055959037533809e-07,102188.93745844241
59,AUT_B,0.021111993864294364,2.0622689085316735e-07,101878.64025452892
115,BEL_B,0.021111790302388238,2.063381656711113e-07,101822.98195825976
1157,IRL_J59_J60,0.021112240847070637,2.0637980837744502e-07,101804.70804874579
86,AUT_H49,0.021111929870581456,2.0999598235890508e-07,100058.44487915402
1723,NOR_L68,0.021108996848073516,2.0997379849504156e-07,100055.06370294429
1796,PRT_C10_C12,0.021112172875418875,2.1022797331793853e-07,99949.70147084171
202,BGR_H53,0.021112081368874727,2.1092232432714604e-07,99621.79037015399
596,DNK_J58,0.021069469596876157,2.1424671222303758e-07,97885.20985651143
2304,HRV_C18,0.02111193490174163,2.1560636664117105e-07,97466.82532520177
1985,SVK_E37_E39,0.021112063278128153,2.1646424448043175e-07,97082.91737140216
1556,MEX_M69_M70,0.02111281845972638,2.1796545454704904e-07,96420.77332883519
562,DNK_A03,0.02108419695700598,2.211600546459886e-07,94905.43649083805
175,BGR_C17,0.021111980682934916,2.2272287293677608e-07,94366.66178026932
2299,HRV_B,0.021112140483238628,2.2612921904566521e-07,92952.11145420242
1560,MEX_M74_M75,0.021112823100536363,2.26832134701465e-07,92668.32849633395
63,AUT_C17,0.02111188142036588,2.2964245736512044e-07,91535.104427649
98,AUT_K66,0.021112040222515623,2.3070554872246823e-07,91115.81634069176
1121,IRL_A02,0.021112242320139158,2.3251089093337558e-07,90412.23831466954
1776,POL_K64,0.021111614814797747,2.3444611550894443e-07,89666.4392579275
1605,MLT_J59_J60,0.02111151429716814,2.373344982934951e-07,88579.34729688412
2041,SVN_E37_E39,0.021112020383313976,2.421651660005231e-07,86821.72998112961
1578,MLT_C20,0.021111983784502564,2.434359209462289e-07,86370.21802187078
1484,LVA_G46,0.02111049764300132,2.455417139600238e-07,85626.47392978026
1464,LVA_C18,0.02111070676871099,2.460698734105096e-07,85444.27726983652
982,HUN_H49,0.021111371490334627,2.4654792390283694e-07,85281.95735796548
1778,POL_K66,0.021111914958210402,2.4697539124160134e-07,85137.13740909538
701,EST_G47,0.021110532301047345,2.474839439333727e-07,84957.3295033816
176,BGR_C18,0.02111185524721985,2.512311850984935e-07,83700.41650074278
2048,SVN_H51,0.021112068772092204,2.525772551957068e-07,83256.94966529333
1436,LUX_J58,0.021111964912946958,2.538141964616401e-07,82852.38894107364
1434,LUX_H53,0.021111926953274483,2.5398640850622597e-07,82796.28344488406
1042,IDN_H53,0.021113010485969422,2.543400678559743e-07,82685.84975029578
679,EST_C17,0.021110419711922613,2.553127114711333e-07,82361.96945035295
899,GRC_B,0.021111895543946615,2.5824649915094146e-07,81435.60515991617
1546,MEX_H53,0.02111281638170365,2.6137105910863165e-07,80469.30348732608
916,GRC_C30,0.02111211806245572,2.6245800790238386e-07,80134.66066394215
1601,MLT_H52,0.021111531642526517,2.6248610500391903e-07,80123.88980516641
144,BEL_H51,0.02111147310688368,2.6429214330825703e-07,79578.20704231386
1143,IRL_D35,0.021112178300741004,2.6481284634122505e-07,79424.97359077676
1451,LUX_P85,0.02111181139423554,2.6668915412939415e-07,78866.89120034585
1573,MLT_C13_C15,0.02111194718733644,2.669086667862918e-07,78802.77797872525
2174,TUR_M72,0.021112211330158576,2.669458284552406e-07,78792.83455120218
961,HUN_C19,0.021110957507757253,2.6729075579509907e-07,78686.86136871694
1576,MLT_C18,0.021111730714344773,2.674962185804989e-07,78629.52717159098
1161,IRL_K65,0.02111236904536648,2.67990538311852e-07,78487.4039728863
956,HUN_C10_C12,0.021111352290545678,2.7181823332910465e-07,77382.48295552425
1593,MLT_E37_E39,0.02111124874704309,2.7212600115102496e-07,77294.90659283525
1162,IRL_K66,0.021112368239372015,2.724983380251193e-07,77193.77160322254
762,FIN_H53,0.02111058622893554,2.740903105618176e-07,76740.56634645307
1200,ITA_E36,0.021112228734950646,2.803449921413266e-07,75040.35730035475
402,CYP_C20,0.021104492070317567,2.8288180602995234e-07,74342.53137057622
1503,LVA_M73,0.021110875338649426,2.8336615536095997e-07,74238.35411022225
1459,LVA_B,0.021109954468814012,2.8435678618138705e-07,73977.40474759716
2395,CHE_L68,0.021112091592189495,2.8587900469863193e-07,73592.32026884599
1857,ROU_C19,0.021112261368765286,2.8854153240123047e-07,72916.1761135846
442,CYP_O84,0.021101068945981835,2.890171921857752e-07,72757.99336911448
667,ESP_P85,0.02111218183095603,2.914852721269858e-07,72182.03391037733
2013,SVK_R_S,0.021112140976142234,2.91892437946625e-07,72081.55022421434
495,CZE_M73,0.02111207865494823,2.937703260488709e-07,71622.13014429406
441,CYP_N,0.021103938420458185,2.9910540102367545e-07,70321.75478505729
2051,SVN_I,0.021112088018263274,2.998846158395698e-07,70166.72474049033
260,BRA_J58,0.021112744199640168,3.0249422171645087e-07,69565.55574677602
728,FIN_A01,0.021109917217022572,3.0501188352523015e-07,68983.97857572774
1122,IRL_A03,0.021112240478027233,3.0538863310011784e-07,68906.73542424936
413,CYP_C31_C32,0.021105606282252554,3.055877013360049e-07,68840.35527283547
597,DNK_J59_J60,0.02107567121758254,3.0616716927653974e-07,68613.03331088847
729,FIN_A02,0.021110589775722263,3.080534908300736e-07,68307.23613256148
219,BGR_P85,0.021112035916716718,3.0884592270902793e-07,68137.20746147349
1617,MLT_N,0.021111627499093594,3.0891049031760687e-07,68121.69371052162
1411,LUX_C21,0.021111935659663635,3.1214442644230647e-07,67419.16469509089
1486,LVA_H49,0.021104250634410616,3.130051741650143e-07,67209.88178150219
1816,PRT_E36,0.02111216075319013,3.13973325104796e-07,67028.40866338703
656,ESP_K64,0.021112180288402872,3.156711590428203e-07,66669.0972181274
436,CYP_M69_M70,0.02110195351148071,3.160073776408863e-07,66566.12747790848
2383,CHE_H50,0.021111763587611777,3.192089847131168e-07,65931.20304393186
1581,MLT_C23,0.021111963467612807,3.1978387254032797e-07,65813.66856265093
723,EST_P85,0.021110695467010263,3.2095763729975637e-07,65569.79248594528
1210,ITA_H53,0.021112154729799562,3.218575396539019e-07,65391.54932677568
1466,LVA_C20,0.021110094764285266,3.219159530110915e-07,65373.341166455706
92,AUT_J58,0.021112085441658678,3.225227664007328e-07,65256.87721002022
1716,NOR_J58,0.02110888368076628,3.2606840206676905e-07,64539.66065623492
712,EST_K64,0.021110834485918786,3.2745320523841417e-07,64273.49208114768
2302,HRV_C16,0.021111925713759652,3.2929978680542694e-07,63917.46697128893
114,BEL_A03,0.021111893857193142,3.317708298694419e-07,63442.74185774067
1448,LUX_M74_M75,0.021112045141975535,3.367205955513649e-07,62513.348075523405
2303,HRV_C17,0.021111923231944472,3.373066810303769e-07,62404.68904617585
692,EST_C30,0.021110691924320173,3.3829096983539155e-07,62220.022933596236
719,EST_M73,0.02111065100274675,3.4017892732785987e-07,61875.600489417746
2226,TWN_K66,0.02111286728321092,3.412272058946601e-07,61692.54495129065
686,EST_C24,0.021110251565811936,3.4340926211883634e-07,61294.08784171422
1357,LTU_C23,0.021110986562200267,3.4568435766489263e-07,60893.969097406705
2027,SVN_C21,0.021111712054594438,3.487341045303597e-07,60365.036698220465
1800,PRT_C18,0.021112040753106454,3.500211823921629e-07,60144.63460361762
1469,LVA_C23,0.02111059765227072,3.5103662596840577e-07,59967.04915063392
681,EST_C19,0.0211104202836307,3.524059406898539e-07,59734.19757014505
1854,ROU_C16,0.021111999575851872,3.541345218106154e-07,59447.89447169089
2060,SVN_M69_M70,0.021112106725011123,3.557301136959433e-07,59182.29472212681
1595,MLT_G45,0.021111912076417407,3.5746041997063005e-07,58896.07582936822
2335,HRV_J62_J63,0.021112011047748066,3.5897281299544654e-07,58648.90426604278
1551,MEX_J62_J63,0.02111279988583922,3.62264532758201e-07,58119.62903599093
2358,CHE_C16,0.02111185739749963,3.632746823411833e-07,57955.873468379155
1212,ITA_J58,0.02111209632028275,3.672744781367184e-07,57327.06873172211
414,CYP_C33,0.02110622695769385,3.690718071586069e-07,57032.788095225136
1571,MLT_B,0.02111153958952852,3.7013304782272795e-07,56884.019661898885
985,HUN_H52,0.02111144257230933,3.745243973729466e-07,56218.56454600154
179,BGR_C21,0.021111742347280804,3.7482029407694333e-07,56175.09932275904
1579,MLT_C21,0.021111902727320907,3.754851882364945e-07,56076.3169096022
2398,CHE_M72,0.021112037635421983,3.7631203236423626e-07,55953.788441714954
936,GRC_K64,0.0211120298013368,3.7666354169506456e-07,55901.68885929477
932,GRC_J58,0.021112087447095106,3.768737844874122e-07,55870.73862700944
409,CYP_C27,0.021106177600778125,3.768579981412221e-07,55857.43243388968
898,GRC_A03,0.021111841752761665,3.824647223568412e-07,55055.4992986176
1718,NOR_J61,0.021108701861743316,3.855355188304118e-07,54609.99270032031
2337,HRV_K65,0.021112086779651,3.919421687327319e-07,53728.228883499745
1967,SVK_C17,0.02111169189044146,3.9338079080961204e-07,53531.23778443145
2067,SVN_P85,0.0211120772078824,3.953129536247695e-07,53271.22672823706
1134,IRL_C24,0.02111221544697505,3.9622926331458763e-07,53148.69118858227
1163,IRL_L68,0.021112177685456885,3.9858541295286146e-07,52835.20619394447
1128,IRL_C18,0.02111212928712325,3.9980702811480854e-07,52674.049620396916
79,AUT_D35,0.021111987918690074,4.000704830861442e-07,52639.09664016716
62,AUT_C16,0.02111172787438332,4.052038417329841e-07,51973.23536949953
80,AUT_E36,0.021112084978519678,4.06860666114119e-07,51762.98361806857
420,CYP_G46,0.021102320662326854,4.074372882021775e-07,51665.9993391229
200,BGR_H51,0.02111204671540567,4.0883689678621843e-07,51513.2895084804
423,CYP_H50,0.02110842204023757,4.1150273211964834e-07,51171.59329290205
1500,LVA_M69_M70,0.021110716555091,4.1522194532889643e-07,50719.85461604966
410,CYP_C28,0.021105442244018384,4.1596541671506514e-07,50616.76915627961
1364,LTU_C30,0.02111090509517693,4.1880481737369846e-07,50287.42935168511
146,BEL_H53,0.02111189476341477,4.2113450885897194e-07,50012.2456713623
2009,SVK_N,0.021112028052618453,4.2395852732161544e-07,49680.20805625705
989,HUN_J59_J60,0.021111861914352423,4.2519078170316063e-07,49536.17680322497
160,BEL_M74_M75,0.021111979808177635,4.2740438930812413e-07,49280.49369959449
316,CAN_J58,0.021112848647795012,4.2831993230161846e-07,49177.42471123421
60,AUT_C10_C12,0.021111918413982102,4.3170807052594624e-07,48790.211812599366
1691,NOR_C21,0.021109402529444668,4.323296023018108e-07,48714.42527192529
457,CZE_C19,0.02111211317922052,4.32533149441657e-07,48697.805938047866
1347,LTU_B,0.021110715169592145,4.32624239211801e-07,48684.35216620985
2356,CHE_C10_C12,0.021112036839333128,4.332167147103905e-07,48620.96765071382
1760,POL_E36,0.021111911246259742,4.348006000946034e-07,48443.970113113144
592,DNK_H51,0.021089786082518023,4.361753009916521e-07,48241.02833504021
445,CYP_R_S,0.021104130044230843,4.392932502762877e-07,47931.986309097
1871,ROU_D35,0.021112180030634926,4.503543384550536e-07,46775.17912622724
717,EST_M71,0.021110579299905202,4.5354133387027975e-07,46443.69549443415
1389,LTU_M71,0.021110447878381518,4.546080228101563e-07,46334.671080140004
1703,NOR_D35,0.021108603840781236,4.558261764903273e-07,46207.08034498584
1861,ROU_C23,0.02111206028447109,4.5860299997873446e-07,45935.42750035995
648,ESP_H51,0.02111213180086989,4.6221248735187874e-07,45577.63958731986
65,AUT_C19,0.02111199776713731,4.6603171703217484e-07,45204.63385505541
1414,LUX_C24,0.021112038493946758,4.6626192815470686e-07,45182.449546706324
136,BEL_E36,0.021111141318792014,4.6770782885137484e-07,45041.15361274723
218,BGR_O84,0.021112086723708415,4.687357854594077e-07,44944.5994476672
2002,SVK_K66,0.0211121258481767,4.6965261423304765e-07,44857.13073660492
680,EST_C18,0.02111084375970732,4.7127135261166715e-07,44700.66550292339
1572,MLT_C10_C12,0.021111925099528854,4.7333259293814965e-07,44508.69582618315
994,HUN_K66,0.02111184258146544,4.774995630451316e-07,44120.923428041235
205,BGR_J59_J60,0.021112129998715097,4.787100736135644e-07,44010.186902437665
2074,SWE_A03,0.021106401817581215,4.79267883556213e-07,43947.14395910842
1218,ITA_K66,0.021112223096803117,4.845787195989083e-07,43478.476804424165
1704,NOR_E36,0.021108948047533115,4.886945324205944e-07,43106.35845409609
1213,ITA_J59_J60,0.02111227488785415,4.919212996851116e-07,42830.924330803144
226,BRA_A03,0.021112739875851147,4.928528617137858e-07,42751.07327025496
583,DNK_D35,0.02107998482192247,4.934110322039697e-07,42636.55834691388
2169,TUR_K65,0.021112029433519888,4.993921263953283e-07,42190.970480699776
645,ESP_G47,0.02111222976659754,5.006464691929481e-07,42085.87334535221
707,EST_I,0.02111046597724507,5.030293504590515e-07,41883.406111208475
649,ESP_H52,0.021112246460155536,5.033548679813951e-07,41859.90420723834
955,HUN_B,0.021111426825971207,5.043757100804764e-07,41773.7267638158
1984,SVK_E36,0.021112081929978054,5.046899005393723e-07,41749.06777347099
174,BGR_C16,0.021112037996204345,5.08522972173508e-07,41434.909021167856
2006,SVK_M72,0.021112108025111768,5.096855074234878e-07,41340.722848444726
2228,TWN_M69_M70,0.021112806386575325,5.111075481721637e-07,41227.289974404914
1147,IRL_G45,0.02111233896457862,5.15756628228007e-07,40855.4778232342
1769,POL_H52,0.02111145689230696,5.158136370509557e-07,40849.2643746269
607,DNK_M73,0.021071621996216375,5.159765338428191e-07,40759.33938352213
1353,LTU_C19,0.021110935105490652,5.179637475348983e-07,40679.01699447903
1505,LVA_N,0.021110451888965345,5.194329810769122e-07,40563.24763523305
720,EST_M74_M75,0.021110877337244524,5.223535236067364e-07,40337.69982431202
2348,HRV_Q,0.021111595846274953,5.266086590438614e-07,40013.74026827694
987,HUN_I,0.02111184042175136,5.289710759441058e-07,39835.835161649375
1410,LUX_C20,0.021111773700082402,5.332510735724682e-07,39516.57702606134
2307,HRV_C21,0.021111728095250727,5.358423816361772e-07,39325.747775179065
2315,HRV_C29,0.021112069298068026,5.378916113267651e-07,39176.8378915559
673,EST_A02,0.021110352921406353,5.552439550929295e-07,37951.60869277138
2208,TWN_E36,0.021112919038575647,5.561159712746034e-07,37896.81166431514
2342,HRV_M72,0.02111200593161627,5.591466340498372e-07,37690.141559857875
1548,MEX_J58,0.02111278857923922,5.65232886672176e-07,37286.40472177767
1973,SVK_C23,0.02111202065578575,5.672857507702516e-07,37150.36075983012
1223,ITA_M73,0.02111223712652215,5.704145733256317e-07,36947.32005809543
2168,TUR_K64,0.021112249185176693,5.71121643946399e-07,36901.678879945786
1514,MEX_A03,0.02111285355768435,5.748374071516327e-07,36664.609307197716
1462,LVA_C16,0.021110036064519385,5.748799286587171e-07,36657.009584770225
422,CYP_H49,0.021104144976697256,5.790714621013478e-07,36381.97421442881
1412,LUX_C22,0.021111760493554014,5.821868394727942e-07,36200.680578867694
1126,IRL_C16,0.021111972481117992,5.916969322998272e-07,35620.18180049917
1724,NOR_M69_M70,0.021107629958786015,5.956980436021626e-07,35374.05591505364
659,ESP_L68,0.021112183471089455,5.966603160579642e-07,35324.720253037325
1388,LTU_M69_M70,0.021110986724968688,5.997319015251844e-07,35142.110268108765
1711,NOR_H50,0.021104411646815088,6.003525412577444e-07,35094.907228087315
1747,POL_C21,0.021111452670230887,6.053117093484963e-07,34819.47048806941
2321,HRV_E37_E39,0.02111202570013021,6.060831153241627e-07,34776.17012763907
1588,MLT_C30,0.021111765678252483,6.09471879942337e-07,34582.699665456545
1475,LVA_C29,0.021110285545353293,6.095792509314124e-07,34574.19411673499
1537,MEX_E37_E39,0.02111284635858189,6.238907138607291e-07,33786.46200091775
715,EST_L68,0.021110832722577418,6.261633117751869e-07,33660.82219130958
1172,IRL_Q,0.0211122760375735,6.290516786417819e-07,33508.80055281459
2037,SVN_C31_C32,0.021112099454483616,6.293241046327038e-07,33494.03790734903
2336,HRV_K64,0.021112087629769943,6.305328806598838e-07,33429.91042320724
434,CYP_K66,0.021098082748092908,6.334179869304612e-07,33255.80797318326
2022,SVN_C16,0.021112072290228573,6.340246567670976e-07,33246.06700739758
2339,HRV_L68,0.021112036886763292,6.446757794248973e-07,32697.582222408528
1714,NOR_H53,0.021103958366607115,6.45234782065452e-07,32656.79742454603
2375,CHE_D35,0.021111366441446587,6.493845079765547e-07,32459.82366204765
415,CYP_D35,0.02109827458497832,6.494603389870409e-07,32435.912415251285
1207,ITA_H50,0.021112274879494776,6.562560102641051e-07,32121.84377136579
2069,SVN_R_S,0.021111907627322988,6.580309348128173e-07,32034.774867312328
1216,ITA_K64,0.021112288037229292,6.581695217273938e-07,32028.616829709088
1720,NOR_K64,0.021109026464983825,6.646226667101064e-07,31713.202570634934
993,HUN_K65,0.021111973047573812,6.707592675089846e-07,31427.885060463937
2020,SVN_C10_C12,0.02111210046614702,6.708433015738769e-07,31424.143720253345
2359,CHE_C17,0.021111950711523525,6.729887492791794e-07,31323.89188113664
1693,NOR_C23,0.021108893800592027,6.846231268532007e-07,30787.89640232143
403,CYP_C21,0.021103961418392825,6.919009559201063e-07,30457.39977421272
915,GRC_C29,0.02111214390637633,6.937200981601028e-07,30389.42440601582
722,EST_O84,0.02111070638113345,6.985284765850412e-07,30178.480344634027
1164,IRL_M69_M70,0.021112372611871315,6.991095549950873e-07,30155.8127027983
444,CYP_Q,0.02110337251298484,6.990011147467533e-07,30147.627008593594
2355,CHE_B,0.02111197373166842,7.023179878674716e-07,30017.679194701068
405,CYP_C23,0.02110352290130696,7.032535038145642e-07,29965.80462432984
566,DNK_C16,0.021092468120656415,7.044907694761423e-07,29897.581985825975
449,CZE_A02,0.02111198016021056,7.06214893512829e-07,29852.28443838985
2217,TWN_H52,0.021112869457449928,7.066661804795982e-07,29834.50395091843
67,AUT_C21,0.02111190044952371,7.10147212323682e-07,29687.10287218918
603,DNK_L68,0.02107402306607928,7.088829095435832e-07,29686.618430677183
1491,LVA_I,0.0211103666666047,7.111957220050627e-07,29641.243290779883
190,BGR_C33,0.02111211729049377,7.151512816799352e-07,29479.96859123024
1726,NOR_M72,0.02110840670325226,7.153928273535624e-07,29464.849307926695
1358,LTU_C24,0.021110849457646935,7.207469496845113e-07,29249.65525226656
2062,SVN_M72,0.021112164376467842,7.215011633532231e-07,29220.94170545485
2114,SWE_K66,0.021108500495244088,7.238059152256826e-07,29122.969407157143
666,ESP_O84,0.02111222111954392,7.280259695721644e-07,28959.49115767964
1,AUS_A02,0.021112904408617933,7.386268973459535e-07,28545.344259894555
2019,SVN_B,0.021112134064722014,7.421308774785021e-07,28409.711807907974
97,AUT_K65,0.021112078200159805,7.426830965626031e-07,28388.541164566588
148,BEL_J58,0.021111935682465773,7.434849290613576e-07,28357.77442678871
1552,MEX_K64,0.021112761538188606,7.441114926756931e-07,28335.036763924745
947,GRC_P85,0.02111205878870894,7.471175967147605e-07,28220.24088381184
220,BGR_Q,0.021112083723262863,7.497232235577067e-07,28122.32665883423
608,DNK_M74_M75,0.021081594714351545,7.517281799358457e-07,28006.915745001483
567,DNK_C17,0.02109574556215049,7.54301894058601e-07,27930.21668301781
2309,HRV_C23,0.021112039344827978,7.592756934383253e-07,27768.925834455367
1155,IRL_I,0.021112041121842128,7.613009016171798e-07,27695.15433741989
1580,MLT_C22,0.02111196218053994,7.712931277663914e-07,27336.721539397193
1803,PRT_C21,0.0211121707115717,7.839438312827218e-07,26896.40948839752
158,BEL_M72,0.021112009132186103,7.921988247688359e-07,26616.28897185877
1133,IRL_C23,0.021112138299865198,7.929441666270611e-07,26591.464724221834
977,HUN_E37_E39,0.021111588016129987,7.958553761787326e-07,26493.62562798938
2316,HRV_C30,0.02111207820392474,8.015410198300178e-07,26306.54095213275
1577,MLT_C19,0.021111769720030215,8.034971316838446e-07,26242.193897997422
972,HUN_C30,0.0211119124559808,8.043746362575704e-07,26213.778663410634
2404,CHE_Q,0.021112018224541472,8.091850032834288e-07,26058.268344860746
646,ESP_H49,0.021112247936060775,8.149393622198918e-07,25874.77564340268
737,FIN_C19,0.021109645144770962,8.311357495836834e-07,25368.03058314956
711,EST_J62_J63,0.021110815388235497,8.330439876585077e-07,25311.393284545975
2080,SWE_C18,0.021109106373535108,8.340758654515412e-07,25278.070229129444
1430,LUX_H49,0.021112083178325424,8.359318944653042e-07,25225.568911809045
1705,NOR_E37_E39,0.021108744264981542,8.431881906532e-07,25004.78506889372
149,BEL_J59_J60,0.021112008499925988,8.459211985270013e-07,24927.94906615258
1889,ROU_K65,0.021112000656957855,8.463789647516509e-07,24914.47337631911
1583,MLT_C25,0.02111193781663207,8.573446789986769e-07,24596.107290209708
1446,LUX_M72,0.02111179914190238,8.584284445226899e-07,24564.929490584254
831,FRA_M73,0.021112190418461386,8.590705343524227e-07,24547.045358736184
960,HUN_C18,0.021111622001230564,8.666319283766657e-07,24332.463237873562
644,ESP_G46,0.021112227410759642,8.699227427403102e-07,24241.217245436936
256,BRA_H51,0.021112642090200355,8.701230488742269e-07,24236.119245707854
2054,SVN_J61,0.02111154150909423,8.724711155625597e-07,24169.707655985083
2310,HRV_C24,0.021112058976616378,8.733354107069809e-07,24146.407337597513
600,DNK_K64,0.02107186341995416,8.718732524574263e-07,24140.80550713395
685,EST_C23,0.021110679025173173,8.743476057342551e-07,24116.9095418559
2068,SVN_Q,0.021111569540724368,8.750187772228801e-07,24099.44865297457
1428,LUX_G46,0.02111185545701391,8.806772373950476e-07,23945.106623586853
2317,HRV_C31_C32,0.021112038501063045,8.850889478227222e-07,23826.093929891656
1233,JPN_A02,0.021112940149711434,8.90536445323011e-07,23681.522231053656
1113,IND_N,0.021112814457698473,8.925271297706999e-07,23628.621621278045
1397,LTU_R_S,0.021110807587276563,8.935410824917529e-07,23599.595368467824
1779,POL_L68,0.021111839318812737,8.977327952057409e-07,23490.67423758554
678,EST_C16,0.02111064566124384,8.985244639095201e-07,23468.673180374208
1065,IND_A02,0.02111285714312063,9.013084831967724e-07,23398.71289730123
1470,LVA_C24,0.021110217147771868,9.047067918370018e-07,23308.00358133014
456,CZE_C18,0.021111726342933467,9.119643843225773e-07,23124.370134765377
1495,LVA_J62_J63,0.021110732912206345,9.143291837036681e-07,23063.541825233453
2043,SVN_G45,0.021112121949855345,9.183113810330619e-07,22965.148028659154
1477,LVA_C31_C32,0.021110412507112812,9.288222671885558e-07,22703.70720518774
999,HUN_M73,0.021111958024825933,9.328825396258402e-07,22606.652473965765
1152,IRL_H51,0.021112266956970323,9.335804813323474e-07,22590.10045541767
270,BRA_M72,0.021112792182886354,9.409158721751978e-07,22414.732362593993
2059,SVN_L68,0.021111951610108138,9.436446106412484e-07,22349.094434336334
593,DNK_H52,0.020778793886518515,9.317051583054708e-07,22277.98753066748
906,GRC_C20,0.021111956049487055,9.535974517406865e-07,22116.08255499728
665,ESP_N,0.021112211594429543,9.6168652355217e-07,21930.515362912345
1377,LTU_H52,0.021111097136776405,9.6212036801052e-07,21919.47947314703
1969,SVK_C19,0.021112111174290658,9.713506570060734e-07,21712.446042147105
917,GRC_C31_C32,0.021112038599451377,9.772156339209857e-07,21582.192992385437
1478,LVA_C33,0.021110819154304884,9.795243187435999e-07,21530.133165238924
1476,LVA_C30,0.021110322545739663,9.795492606907677e-07,21529.07904990726
2331,HRV_I,0.021112023741128583,9.888152472783478e-07,21329.256948889604
1494,LVA_J61,0.02111077447733727,9.927238898110846e-07,21244.104820052788
225,BRA_A02,0.021112737678892556,9.952172143087418e-07,21192.905900087586
1508,LVA_Q,0.02111019362745406,9.954637719532498e-07,21185.10900408777
396,CYP_C10_C12,0.021102313634926376,9.972234317950354e-07,21139.870055924814
1000,HUN_M74_M75,0.02111156898435748,9.98817949912458e-07,21115.4130471512
2113,SWE_K65,0.021109019001357317,1.018361015222393e-06,20708.089367879133
189,BGR_C31_C32,0.021112081289986363,1.0185698634451081e-06,20706.851042702478
428,CYP_J58,0.021103878228858376,1.020056778031813e-06,20668.66278439302
1468,LVA_C22,0.021110529183764392,1.024691026176444e-06,20581.76258250003
675,EST_B,0.021110340198589827,1.028977383144547e-06,20495.9259728009
1266,JPN_H53,0.021112940955582582,1.030152160399826e-06,20475.0974360526
1032,IDN_E36,0.021112858762765304,1.0306763049112937e-06,20464.615366522976
871,GBR_H50,0.021111291870907302,1.0325522015442754e-06,20425.956075913728
2073,SWE_A02,0.02110901070758442,1.0369301510201185e-06,20337.602377999767
933,GRC_J59_J60,0.02111208359152148,1.0461256397557397e-06,20161.939303144405
725,EST_R_S,0.021110816391233796,1.0484399847270588e-06,20116.268389301324
1819,PRT_G45,0.02111217982452248,1.05263402710819e-06,20037.488616865467
2075,SWE_B,0.021105156261886898,1.0550704433444825e-06,19984.610302177112
407,CYP_C25,0.021104602534214662,1.0569411583589732e-06,19948.748914307384
1091,IND_G45,0.021112877092565922,1.0593701619351359e-06,19910.855520524747
163,BEL_P85,0.02111190462023733,1.0751338970848432e-06,19618.28790769226
1764,POL_G46,0.02111182105896818,1.0772873318322564e-06,19579.03096486757
506,DEU_A03,0.021111210736540844,1.0856728559648912e-06,19427.383890798978
1369,LTU_E37_E39,0.021110652946159728,1.0937186246194784e-06,19284.090424146878
484,CZE_J58,0.021111964947462997,1.0988511056406413e-06,19195.2936531038
739,FIN_C21,0.02111065397849852,1.105645915037695e-06,19076.24985700999
1685,NOR_C13_C15,0.021108764930187013,1.1111621835854653e-06,18979.934079519873
2023,SVN_C17,0.021111995404159267,1.1185590195528453e-06,18857.420676751324
909,GRC_C23,0.021112028536426134,1.1204025650622328e-06,18826.449300349614
731,FIN_B,0.02111020477613447,1.120940364008756e-06,18815.7993538146
1980,SVK_C30,0.021112099236171546,1.123599899338049e-06,18772.98695171353
759,FIN_H50,0.021110321774167332,1.1309466199250865e-06,18649.57357756361
69,AUT_C23,0.021112007034394576,1.136327742558079e-06,18562.81724642487
1396,LTU_Q,0.021110646931682197,1.1378733772355607e-06,18536.43025963521
695,EST_D35,0.021110323592081537,1.1420977299013677e-06,18467.645451367523
920,GRC_E36,0.021112093306353157,1.1423431095791798e-06,18465.229841743392
1368,LTU_E36,0.021110658103374026,1.1427445687414022e-06,18457.49364003939
929,GRC_H52,0.021112092385988334,1.1499683677529783e-06,18342.895406591597
930,GRC_H53,0.02111188277250378,1.1589433772264413e-06,18200.787372039427
1423,LUX_D35,0.021112128717860112,1.162389080278511e-06,18147.092039755044
109,AUT_R_S,0.021112028314354877,1.1758574319508967e-06,17939.32530923232
282,CAN_A03,0.021112854713244096,1.1782022746360953e-06,17904.353788462267
1784,POL_M74_M75,0.021111892624572057,1.1829454818911594e-06,17831.811470617093
1123,IRL_B,0.02111225851120551,1.1850232795673322e-06,17800.880366283684
1049,IDN_K65,0.021112992983087237,1.1857613928913017e-06,17790.427890184175
1366,LTU_C33,0.02111103357715062,1.200060724180556e-06,17576.991031451784
2224,TWN_K64,0.021112891964821284,1.2011899378244822e-06,17562.026848293026
1885,ROU_J59_J60,0.0211120836258623,1.2035188921176107e-06,17527.39933264649
1553,MEX_K65,0.02111280776134308,1.2119638568213771e-06,17405.966090918882
700,EST_G46,0.021110473889350855,1.2127986784031844e-06,17392.071902008316
2104,SWE_H51,0.021105321115436084,1.2199811853922457e-06,17285.541634825357
965,HUN_C23,0.02111144693864051,1.2447172741292525e-06,16947.221795087702
2055,SVN_J62_J63,0.021112127915979755,1.246725081461792e-06,16920.4965337761
1474,LVA_C28,0.021110264692174772,1.249979988989761e-06,16874.9819165553
1710,NOR_H49,0.021104744614390554,1.2504307943841604e-06,16864.491995161727
2318,HRV_C33,0.021112019937588686,1.257729502295764e-06,16772.48360277806
2385,CHE_H52,0.021111653673817316,1.259399795774196e-06,16749.96595889605
2011,SVK_P85,0.02111205424984639,1.262426166883258e-06,16710.16067518029
181,BGR_C23,0.0211121065225995,1.2683259209579672e-06,16632.53398832829
2005,SVK_M71,0.02111216718870991,1.268490493180814e-06,16630.425593666023
1222,ITA_M72,0.021112198142024963,1.2687394725086652e-06,16627.188962089138
1394,LTU_O84,0.021111116136742495,1.2707652193952776e-06,16599.853349331883
2366,CHE_C24,0.021112072078450058,1.2820566254298013e-06,16454.513121256736
1740,POL_C10_C12,0.021111329607390036,1.2843230011699064e-06,16424.921664184345
1805,PRT_C23,0.02111216667957722,1.2846490847199866e-06,16421.406844602105
589,DNK_G47,0.021069345341118036,1.2834686790009966e-06,16403.160065767308
1824,PRT_H51,0.02111192629216163,1.2892443449837396e-06,16362.73499220622
1608,MLT_K64,0.021110582214878958,1.290577850687431e-06,16344.800434323826
91,AUT_I,0.02111201406787652,1.2975639524654776e-06,16257.970219944005
758,FIN_H49,0.021110689366759167,1.3032784304719638e-06,16185.722981802352
2314,HRV_C28,0.021112036507377967,1.3078834143598253e-06,16129.806731261744
1990,SVK_H49,0.021112090512908747,1.3188422550089826e-06,15995.919537191254
113,BEL_A02,0.02111196442545274,1.3407728685276062e-06,15734.380177637622
178,BGR_C20,0.021111736828004254,1.346871128395171e-06,15663.02325441211
1648,NLD_E36,0.021112194270169606,1.3531911232426162e-06,15590.261897165867
672,EST_A01,0.0211104584041011,1.355508154021054e-06,15562.352752192486
1449,LUX_N,0.021112044294358735,1.3586752473706636e-06,15527.269717666148
986,HUN_H53,0.02111185496052048,1.3640415303388594e-06,15466.089852430825
1656,NLD_H51,0.021111757101123806,1.3649957264825606e-06,15455.21460413832
604,DNK_M69_M70,0.021073389669134666,1.371648971271787e-06,15352.351628260605
684,EST_C22,0.021110741789645972,1.3779932039896254e-06,15308.80770736909
188,BGR_C30,0.021112142909168626,1.3785563314472668e-06,15303.574365115102
2405,CHE_R_S,0.021111968902753242,1.380602649125061e-06,15280.7820078537
425,CYP_H52,0.021102437482932217,1.3859203713386783e-06,15215.320157539973
2044,SVN_G46,0.021112119697574212,1.3903664134582337e-06,15173.659140657386
1598,MLT_H49,0.02111182900823157,1.3992931151999756e-06,15076.721280041853
876,GBR_J58,0.021111804169491013,1.4073498519478713e-06,14990.454353576659
1150,IRL_H49,0.021112290200405212,1.4209281616872012e-06,14847.648966565399
1205,ITA_G47,0.02111225941262038,1.4265600454092542e-06,14789.051767393712
724,EST_Q,0.021110623978814524,1.4329057743716637e-06,14722.462490999578
1584,MLT_C26,0.02111191279448879,1.4350480862303044e-06,14701.396838255312
31,AUS_H50,0.021112899480334592,1.4359205650181969e-06,14693.157015306007
842,GBR_A03,0.021111520281079273,1.447872552977463e-06,14570.998834710936
2170,TUR_K66,0.021112000572553632,1.4480879803507214e-06,14569.164094124853
660,ESP_M69_M70,0.02111223722680369,1.4626682899809745e-06,14424.195271100745
785,FRA_A02,0.021112015382379497,1.4727568954276548e-06,14325.303886875598
734,FIN_C16,0.021110417022840538,1.4795952406942668e-06,14258.060841085535
940,GRC_M69_M70,0.021112080318236418,1.4814270016133795e-06,14241.564876556733
2082,SWE_C20,0.02110591494269579,1.4838996641032414e-06,14213.697701549447
1183,ITA_C17,0.02111208704064128,1.4855001775998824e-06,14202.54592551012
908,GRC_C22,0.02111202700508031,1.4881029998284204e-06,14177.68079677021
535,DEU_H50,0.021111333729182585,1.4930159825747984e-06,14130.594301139372
2301,HRV_C13_C15,0.021112032611453467,1.4943149141657437e-06,14118.786893282711
1770,POL_H53,0.021111623613683895,1.5067917929032226e-06,14001.683596535493
2215,TWN_H50,0.021112637842281623,1.507520674832904e-06,13995.590643542375
105,AUT_N,0.021112016386309003,1.5111483635883656e-06,13961.603831127828
1898,ROU_O84,0.021111961250412974,1.520921015319606e-06,13871.91650414225
1429,LUX_G47,0.02111178382651456,1.522833424673159e-06,13854.390830836868
1444,LUX_M69_M70,0.021112120868057076,1.5357924341314786e-06,13737.782929669766
887,GBR_M73,0.02111194524727572,1.5410277008103666e-06,13691.028530927795
1590,MLT_C33,0.021111542989357645,1.5428200700226948e-06,13674.87273892436
2072,SWE_A01,0.021108432769048325,1.545014253425619e-06,13653.452885234918
896,GRC_A01,0.0211117515498506,1.550656881398871e-06,13605.9407224216
1453,LUX_R_S,0.021112106965443172,1.5577003148502805e-06,13544.686405911887
2004,SVK_M69_M70,0.02111208839897409,1.573210224846248e-06,13411.225556634974
2401,CHE_N,0.02111202951536088,1.5784326849326184e-06,13366.84349815235
207,BGR_J62_J63,0.021112107401736826,1.5793797678641916e-06,13358.882359186893
206,BGR_J61,0.021112139795558267,1.5867519679920985e-06,13296.875218021038
676,EST_C10_C12,0.021110547546572527,1.5887185531302127e-06,13279.424527697121
1460,LVA_C10_C12,0.021110322528770514,1.5905951519033254e-06,13263.6258055483
1600,MLT_H51,0.02111184916205758,1.5921745305762508e-06,13251.435267686227
1981,SVK_C31_C32,0.02111202021741648,1.5957212221500846e-06,13222.107857367755
197,BGR_G47,0.021112085731991675,1.6023525978597175e-06,13167.46282768604
1160,IRL_K64,0.021112233151797603,1.6112298267940761e-06,13095.051834997583
473,CZE_E37_E39,0.021112029614350145,1.6153054059454358e-06,13061.906207014727
1509,LVA_R_S,0.02111069200295508,1.619724451563442e-06,13025.46647123792
710,EST_J61,0.021110581556831053,1.6204674400376094e-06,13019.429829772838
1173,IRL_R_S,0.021112265209591575,1.6232439320560364e-06,12998.21091704297
1182,ITA_C16,0.02111206196983305,1.6271485869812774e-06,12966.913547476992
625,ESP_C19,0.021112031760698275,1.6322383559005385e-06,12926.485399038695
763,FIN_I,0.021110568492942686,1.6583728372302927e-06,12722.016426506623
2308,HRV_C22,0.021112049796508815,1.6595073321978947e-06,12714.216545231573
1209,ITA_H52,0.021112201029083053,1.6600288200951853e-06,12710.31590401497
1382,LTU_J61,0.021111221218217072,1.6648296139061418e-06,12673.0975617093
2300,HRV_C10_C12,0.021112032832769387,1.6955707279535382e-06,12443.945003245131
201,BGR_H52,0.021112137251610156,1.6989391647620757e-06,12419.348697437075
255,BRA_H50,0.021112608952420866,1.7036699337544647e-06,12385.159457773283
1125,IRL_C13_C15,0.021111842316628767,1.7113305427579084e-06,12329.303127786108
191,BGR_D35,0.021112178739023903,1.7150464078028136e-06,12302.801744187938
1443,LUX_L68,0.021112090088875046,1.7237993210605526e-06,12240.316789951858
1792,PRT_A01,0.02111220198962236,1.734469611668586e-06,12165.123403874415
2029,SVN_C23,0.021112112848472822,1.7384680912506848e-06,12137.10843830031
120,BEL_C18,0.02111184670166803,1.7420902329180693e-06,12111.734839065186
2156,TUR_G46,0.021111878462010878,1.7472441947443325e-06,12076.04665611278
1219,ITA_L68,0.021112224922748262,1.7501681592617112e-06,12056.080857277082
918,GRC_C33,0.021112120776285555,1.7525126550658613e-06,12039.902144585658
825,FRA_K65,0.021112184829956217,1.7530510268229626e-06,12036.24324897538
760,FIN_H51,0.021110644249356332,1.7577229231361338e-06,12003.394037596372
1226,ITA_O84,0.021112253031186492,1.7644569904965994e-06,11958.520170603475
966,HUN_C24,0.021111244735266835,1.768830900218956e-06,11928.396511019804
1066,IND_A03,0.02111274339984035,1.7932418094475415e-06,11766.94428179728
639,ESP_D35,0.02111217187512496,1.7943058003507424e-06,11759.652239189754
1149,IRL_G47,0.0211123385673172,1.8078840817631532e-06,11671.471256874906
2393,CHE_K65,0.021112064951657485,1.8137054719092305e-06,11633.879590083412
1831,PRT_J62_J63,0.02111218095826932,1.8274541550205142e-06,11546.464482196685
702,EST_H49,0.021110202235921655,1.8417443736206776e-06,11455.849513431815
1587,MLT_C29,0.021111905887870364,1.8510042174185208e-06,11399.491258879481
752,FIN_E36,0.021110055499815258,1.8597344900422268e-06,11345.012205011684
183,BGR_C25,0.021112113509454265,1.8719224735183769e-06,11272.283721276579
1201,ITA_E37_E39,0.021112227657636828,1.8751218421217958e-06,11253.121830168557
1699,NOR_C29,0.02110926050929468,1.877543698077052e-06,11237.034587432228
1211,ITA_I,0.021112268568818315,1.882600202010034e-06,11208.465865680475
618,ESP_A03,0.021112260211681947,1.8859522158143769e-06,11188.550528594202
1518,MEX_C16,0.02111287296508529,1.8912303031025182e-06,11157.665602579364
2038,SVN_C33,0.02111208993954914,1.8928152237567553e-06,11147.914366043142
976,HUN_E36,0.021111544059354823,1.893224021969047e-06,11145.220319510761
1690,NOR_C20,0.02110940270639488,1.8938302656094904e-06,11140.524346440518
491,CZE_L68,0.021112023539641738,1.9045072634196726e-06,11079.476811730203
568,DNK_C18,0.02108572668999651,1.9052329532151184e-06,11061.463738958344
1692,NOR_C22,0.021109261782882468,1.9269022679937615e-06,10949.3422635212
83,AUT_G45,0.02111205584390704,1.9473940807586026e-06,10835.618960455427
1701,NOR_C31_C32,0.021108869632292013,1.952040852160188e-06,10808.2069092125
2039,SVN_D35,0.0211121808129183,1.9625101949126896e-06,10752.264422980032
1989,SVK_G47,0.02111204465970264,1.9675501679600964e-06,10724.666814856908
819,FRA_I,0.02111215247898999,1.9677648772812954e-06,10723.551970382649
886,GBR_M72,0.021111576304578196,1.970882902284453e-06,10706.303239467288
2016,SVN_A01,0.021112098657382457,1.98568512271373e-06,10626.796574861446
1589,MLT_C31_C32,0.021111914253934487,1.9894713920501475e-06,10606.489667851803
901,GRC_C13_C15,0.02111204970466068,2.0005597677935032e-06,10547.798793904798
2322,HRV_F,0.02111210555488701,2.0150375374860896e-06,10472.079592929047
1206,ITA_H49,0.02111218294216864,2.015499539678629e-06,10469.718701514457
2081,SWE_C19,0.021108585741466578,2.016856414415667e-06,10460.89582522611
311,CAN_H50,0.021112178639344663,2.01803474323493e-06,10456.570254714086
573,DNK_C23,0.021083274150510947,2.030453087710356e-06,10378.420391816102
1730,NOR_O84,0.02110922605633895,2.07787897746084e-06,10154.138978365125
1893,ROU_M71,0.021112048297974795,2.0913397152535495e-06,10090.16277044497
934,GRC_J61,0.0211121254014076,2.0940814689624413e-06,10076.994958989864
1365,LTU_C31_C32,0.02111088906263605,2.1006273020307867e-06,10045.02037170756
620,ESP_C10_C12,0.0211122359968463,2.100795735486518e-06,10044.856234309227
1199,ITA_D35,0.021112175786866423,2.108528183377278e-06,10008.008403597907
1227,ITA_P85,0.02111225766653543,2.116004451438684e-06,9972.703483069135
1168,IRL_M74_M75,0.021112396933470848,2.1183706209099582e-06,9961.635178469245
459,CZE_C21,0.021111769224372988,2.1228635137968443e-06,9940.26644708037
2160,TUR_H51,0.021112195937816252,2.135357720666503e-06,9882.331846199262
616,ESP_A01,0.02111222271037261,2.145055963038561e-06,9837.68507158602
472,CZE_E36,0.02111208082763068,2.1453963099522635e-06,9836.059039861198
816,FRA_H51,0.021111985827212233,2.1492510583794725e-06,9818.381786135797
997,HUN_M71,0.021111356494105667,2.150349373693008e-06,9813.076737910727
996,HUN_M69_M70,0.02111156221765386,2.1508317307802862e-06,9810.97263120964
874,GBR_H53,0.021111899197164392,2.1570252497070458e-06,9782.971353106435
873,GBR_H52,0.021111503282205495,2.1838613942416063e-06,9662.628182202638
2365,CHE_C23,0.021112058271331488,2.18588109338311e-06,9653.958020493508
952,HUN_A01,0.02111142102586231,2.195709867953128e-06,9610.473068768848
168,BGR_A01,0.02111204136094211,2.2075356407942536e-06,9559.29393711283
849,GBR_C19,0.021110530481382176,2.2205730158106525e-06,9502.514808714914
694,EST_C33,0.02111072601770176,2.2338894806304173e-06,9445.98209471497
1970,SVK_C20,0.021111658668393946,2.2359525238960703e-06,9437.687408592852
1349,LTU_C13_C15,0.02111062525147771,2.246392434198714e-06,9393.386277463596
1108,IND_M69_M70,0.021112791995082605,2.2484547794714705e-06,9385.737463032372
925,GRC_G47,0.021111775899965136,2.2508795517490884e-06,9375.179895197822
1442,LUX_K66,0.021112051968936014,2.2645400252430213e-06,9318.77244882105
2153,TUR_E37_E39,0.021112242819268535,2.295341176784532e-06,9193.861536216105
1483,LVA_G45,0.021111023476625277,2.2977283351415176e-06,9183.783552798817
497,CZE_N,0.02111206863401098,2.3009812701318196e-06,9171.259952433074
1585,MLT_C27,0.021111827848283922,2.30673256108253e-06,9148.29915923213
1179,ITA_B,0.02111219986697145,2.307856522844431e-06,9144.006852778342
975,HUN_D35,0.021111223072394547,2.327742903603361e-06,9065.501837806256
1998,SVK_J61,0.021112206108635127,2.3354279963166663e-06,9036.103891032855
482,CZE_H53,0.02111215347868579,2.3428185829683875e-06,9007.588570250082
2311,HRV_C25,0.021112031265719512,2.3507580663909952e-06,8977.127183034609
1869,ROU_C31_C32,0.021112036488864772,2.3531437671131653e-06,8968.031937469137
1812,PRT_C30,0.02111201625826873,2.358065495910256e-06,8949.313317018594
2079,SWE_C17,0.021105444701293496,2.3777985634082507e-06,8872.312698497022
2190,TWN_C16,0.021112770483193044,2.3842221989982913e-06,8851.490017181484
1813,PRT_C31_C32,0.021112191148110946,2.386867607987444e-06,8841.441241336172
765,FIN_J59_J60,0.021110764787905002,2.387310547730103e-06,8839.204268460433
1088,IND_E36,0.021112854013844048,2.3991199160371312e-06,8796.582984363444
40,AUS_K64,0.021112913763000618,2.423193287128446e-06,8709.253455614387
2402,CHE_O84,0.021111965840169233,2.425777898445248e-06,8699.587157809097
1371,LTU_G45,0.021111409368908724,2.4332397606124777e-06,8672.691043217901
1858,ROU_C20,0.02111205232953085,2.4386904025120862e-06,8653.57846544476
424,CYP_H51,0.021105335895119526,2.443807268976032e-06,8632.719708805165
1456,LVA_A01,0.0211095989877654,2.4519566888844095e-06,8605.777298646852
1361,LTU_C27,0.021111006768127386,2.4573702669699704e-06,8587.399161049674
1626,NLD_A03,0.021111534667865108,2.4599138012036826e-06,8578.737970236516
2296,HRV_A01,0.021111990920251983,2.468585691780253e-06,8548.798687375354
1041,IDN_H52,0.021112969975455927,2.5056529711951176e-06,8422.773402650037
835,FRA_P85,0.02111219040087228,2.507345067046305e-06,8416.780720578003
321,CAN_K65,0.021112823344635465,2.509096064592743e-06,8411.16148598917
419,CYP_G45,0.021105787885733154,2.525919549324813e-06,8352.378250970662
2083,SWE_C21,0.021105914785397518,2.5296511450939624e-06,8340.112317066863
1363,LTU_C29,0.021110661935804253,2.54980618947411e-06,8276.074451644856
1417,LUX_C27,0.021112109566888863,2.55587018478915e-06,8257.012691721717
1348,LTU_C10_C12,0.021110222104886063,2.559634094367237e-06,8244.138493400264
108,AUT_Q,0.021111990852774064,2.5794528891746753e-06,8181.506022195376
1965,SVK_C13_C15,0.021112071434590703,2.583279999829199e-06,8169.421051893002
1974,SVK_C24,0.02111202645028698,2.589738883130183e-06,8149.036781653194
1278,JPN_M72,0.02111296548035003,2.595571999898521e-06,8131.091870810887
1544,MEX_H51,0.02111279533084414,2.596482083230023e-06,8128.1774635342
751,FIN_D35,0.02111012236750011,2.6065851945128196e-06,8095.659697685986
1096,IND_H51,0.021112872176766877,2.6095574228847097e-06,8087.495793690222
682,EST_C20,0.021110569834145092,2.619168747983836e-06,8056.950473281244
1897,ROU_N,0.021111958201948076,2.6207679756096464e-06,8052.565443758942
2187,TWN_B,0.02111282708427107,2.6482504658654164e-06,7969.358637962627
118,BEL_C16,0.02111160377451984,2.6490335026122745e-06,7966.542216809351
93,AUT_J59_J60,0.021112158065618815,2.6545910388312445e-06,7950.078817448681
2096,SWE_E36,0.021108632383944562,2.6610107677280276e-06,7929.5818934497975
142,BEL_H49,0.02110827217884376,2.66333447861302e-06,7922.530879017919
2109,SWE_J59_J60,0.021109171198766694,2.668574897978129e-06,7907.315585996206
1744,POL_C18,0.021111791664514445,2.678941305549289e-06,7877.70673215819
137,BEL_E37_E39,0.0211110231236658,2.68955148420862e-06,7846.355383857392
2078,SWE_C16,0.0211044109044169,2.6946967609938817e-06,7828.926164764865
221,BGR_R_S,0.021111707587243445,2.6957221431088525e-06,7828.655110498448
147,BEL_I,0.021111895154812887,2.702909235818962e-06,7807.915619038336
1471,LVA_C25,0.021110438091656997,2.7111045335639024e-06,7783.7848174370865
1178,ITA_A03,0.02111228232883854,2.7349741227368966e-06,7716.550442998759
1415,LUX_C25,0.021112097874865742,2.7479865400818e-06,7679.956801184454
538,DEU_H53,0.021111846296461494,2.752136985445415e-06,7668.287632642414
721,EST_N,0.021110705577215116,2.76544233226633e-06,7630.994266893235
1742,POL_C16,0.0211113699581892,2.7893429668032828e-06,7565.86921727946
580,DNK_C30,0.021094389615280353,2.806243054324314e-06,7514.27261803579
85,AUT_G47,0.021112012434428583,2.8090910827098873e-06,7512.928162481265
2103,SWE_H50,0.021105964562978956,2.8168406545211355e-06,7490.119971516171
1960,SVK_A01,0.021111988435588116,2.821776107625161e-06,7479.157974505428
882,GBR_K66,0.021111945927876692,2.8342405765571276e-06,7446.262621393922
1745,POL_C19,0.021111887609418928,2.859503107461235e-06,7380.480571530032
1356,LTU_C22,0.021110833790950165,2.8598058418725024e-06,7379.3311947141265
1773,POL_J59_J60,0.02111197900069007,2.8686805033842733e-06,7356.909236339125
1513,MEX_A02,0.021112835740752015,2.870636907068068e-06,7352.19542860248
1743,POL_C17,0.021111569353158166,2.8875673899689166e-06,7308.664297212516
914,GRC_C28,0.021112071583230786,2.888519062368319e-06,7306.430976069362
2085,SWE_C23,0.0211053003718254,2.897197600375091e-06,7282.215805124505
1387,LTU_L68,0.02111046411491475,2.9061306868201593e-06,7261.615107508473
101,AUT_M71,0.021112027245666538,2.92319347307335e-06,7219.777843043208
2306,HRV_C20,0.021111711305372448,2.9244732766929786e-06,7216.511418363597
96,AUT_K64,0.021112086541870485,2.9439508650877315e-06,7168.909604623079
1132,IRL_C22,0.021112084834374857,2.9535781956426013e-06,7145.5495290362815
326,CAN_M72,0.021112831858819528,2.962597946301099e-06,7124.054018585989
2313,HRV_C27,0.02111204489101238,2.9681839832444785e-06,7110.386224009899
2373,CHE_C31_C32,0.02111207156435829,2.987702562860776e-06,7063.958731359967
774,FIN_M72,0.02111022755838669,2.992538752664922e-06,7051.930608746537
786,FRA_A03,0.02111211116643109,3.0064903838240558e-06,7019.8432819548425
184,BGR_C26,0.021111937163183457,3.03253982549797e-06,6959.505520820988
2403,CHE_P85,0.02111203290208046,3.0396994246216315e-06,6943.1502275853945
741,FIN_C23,0.021109702904018892,3.055600699030121e-06,6906.267773450793
1473,LVA_C27,0.021110524869362855,3.083136169077021e-06,6844.87445172712
815,FRA_H50,0.021111649645151626,3.0847869351154186e-06,6841.577234288854
2372,CHE_C30,0.021112145714667123,3.103997266477222e-06,6799.408792594503
2352,CHE_A01,0.02111204553056915,3.115138047032521e-06,6775.067475163374
1419,LUX_C29,0.02111212128249629,3.1332024272998886e-06,6736.042668655693
841,GBR_A02,0.021111885036409678,3.138184684334133e-06,6725.276515831312
753,FIN_E37_E39,0.021110070728108582,3.1552482970544664e-06,6688.342849264844
505,DEU_A02,0.021105882008094247,3.1771626581011574e-06,6640.906800127179
494,CZE_M72,0.02111205323722674,3.1971591555677486e-06,6601.314134248848
1606,MLT_J61,0.021111587665458197,3.2032868308938436e-06,6588.5449023828705
921,GRC_E37_E39,0.021111947386731274,3.233763864707884e-06,6526.580693282782
1130,IRL_C20,0.021111936063588098,3.2497034841345587e-06,6494.5745333671275
2381,CHE_G47,0.021111907037793528,3.2751065004862245e-06,6444.206571019653
68,AUT_C22,0.021111701473686347,3.280034630536833e-06,6434.464689033811
25,AUS_E37_E39,0.02111292701180764,3.3027100226515135e-06,6390.671961839643
139,BEL_G45,0.02111187297639067,3.313592183666638e-06,6369.372703050451
1461,LVA_C13_C15,0.021110113193950536,3.3178446069313276e-06,6360.681409989057
957,HUN_C13_C15,0.021111869981182762,3.3252614059113636e-06,6347.026708022159
1868,ROU_C30,0.02111209791535495,3.3336621065685373e-06,6331.105593507914
112,BEL_A01,0.021111849966121914,3.3516268072929753e-06,6297.107068462636
1722,NOR_K66,0.021109398428234838,3.354550561434276e-06,6290.889689116162
252,BRA_G46,0.021112792060510678,3.371374843683687e-06,6260.511668818201
461,CZE_C23,0.021112015699524866,3.373003751256046e-06,6257.259106978011
792,FRA_C18,0.021112031637282126,3.3767841972560887e-06,6250.260645553462
824,FRA_K64,0.021112157374230677,3.39859618353445e-06,6210.195633376977
1844,PRT_Q,0.02111216014025959,3.399178445271595e-06,6209.132985246373
1543,MEX_H50,0.02111270322471886,3.409315109569912e-06,6190.83649058502
157,BEL_M71,0.021111644870854856,3.425954136090237e-06,6160.469044076799
2379,CHE_G45,0.021112037366540232,3.428472491921492e-06,6156.059690308643
662,ESP_M72,0.021111864338287194,3.4455665310893454e-06,6125.477093754065
1225,ITA_N,0.021112215897716214,3.451566210339472e-06,6114.934402848241
1894,ROU_M72,0.021112113280525382,3.4594621545208175e-06,6100.951935840157
699,EST_G45,0.021110943223636568,3.471867228869418e-06,6078.822434714607
1733,NOR_R_S,0.02110850807049125,3.474599551347369e-06,6073.342961017536
2227,TWN_L68,0.021112871990766346,3.4825500747424496e-06,6060.734462767064
1689,NOR_C19,0.021109402614925016,3.4965302555023706e-06,6035.516799809056
2312,HRV_C26,0.021111824440678124,3.5066439875363582e-06,6018.804791961314
153,BEL_K65,0.02111195950419029,3.5084616337261796e-06,6015.725973836795
151,BEL_J62_J63,0.021111955624194354,3.5221721013568836e-06,5992.314600829031
180,BGR_C22,0.021111796760593913,3.5297865556066646e-06,5979.346649281227
1983,SVK_D35,0.021112183345831346,3.530659602715804e-06,5977.977982248439
2123,SWE_P85,0.021108084292873926,3.5349501975775648e-06,5969.56492977045
693,EST_C31_C32,0.02111053212409866,3.5501552650419914e-06,5944.694204703841
186,BGR_C28,0.021112134907397426,3.5784341126974804e-06,5898.176706900525
187,BGR_C29,0.02111207880929032,3.5808104941927528e-06,5894.247851336545
1350,LTU_C16,0.0211111437174086,3.590648371641579e-06,5877.842576153873
194,BGR_F,0.021112109125328793,3.591771268274277e-06,5876.2742041938045
2371,CHE_C29,0.021112116675023426,3.594932767610584e-06,5871.109956555709
963,HUN_C21,0.0211115534276375,3.633842546923484e-06,5808.106721295599
1558,MEX_M72,0.02111283556408257,3.636791849864056e-06,5803.750306623936
84,AUT_G46,0.02111184589386195,3.6859319472179552e-06,5726.128443947086
872,GBR_H51,0.021111867799966547,3.68903955517435e-06,5721.312057580108
1148,IRL_G46,0.021112258175351742,3.7063546056409814e-06,5694.696197452508
1289,KOR_A02,0.021112881424838817,3.716660440084712e-06,5679.077410404305
624,ESP_C18,0.02111208207741761,3.7305629652089513e-06,5657.704901204964
690,EST_C28,0.021110666032801883,3.732417700592311e-06,5654.514904521037
1010,IDN_A03,0.02111299955402053,3.734139945997099e-06,5652.532397520221
1395,LTU_P85,0.021111101046876603,3.7450472548813994e-06,5635.5672020333295
606,DNK_M72,0.02108782727686636,3.752694903055416e-06,5617.885262785045
2107,SWE_I,0.021107505171522156,3.766753092862686e-06,5602.14659806303
1135,IRL_C25,0.021112168805186834,3.7980762673039655e-06,5557.1847785433365
1438,LUX_J61,0.021111674905940157,3.8137280613664536e-06,5534.254228957504
928,GRC_H51,0.021111894088222567,3.829616980472786e-06,5511.356054610524
1761,POL_E37_E39,0.021111856001157794,3.850514641862082e-06,5481.442488026191
851,GBR_C21,0.021111609850712816,3.853900654787966e-06,5476.56392246872
1009,IDN_A02,0.021112948503839095,3.860652954134006e-06,5467.334520891398
1728,NOR_M74_M75,0.021108646038944752,3.8692994940527045e-06,5454.00842270252
1888,ROU_K64,0.02111197958040609,3.8762722998234076e-06,5445.0598121178255
1016,IDN_C18,0.02111270337219694,3.881267749190565e-06,5438.239898986577
448,CZE_A01,0.021112028054875345,3.8818767921820195e-06,5437.212969874134
262,BRA_J61,0.021112792314757673,3.88730464173583e-06,5429.819486914594
931,GRC_I,0.02111167940925208,3.889915330675942e-06,5425.890212209912
1627,NLD_B,0.021112134745628928,3.900353650659374e-06,5411.4896100384885
2030,SVN_C24,0.021112015768906554,3.90156856032301e-06,5409.774470985629
185,BGR_C27,0.02111214325306102,3.917256828044518e-06,5388.146867237758
875,GBR_I,0.021111808461878802,3.954123636533028e-06,5337.8378028113775
1717,NOR_J59_J60,0.021108677483718443,3.956129758866425e-06,5334.34048666762
2216,TWN_H51,0.02111278193858919,3.9645748345391815e-06,5324.015513388388
2159,TUR_H50,0.02111191781968674,3.969420478353627e-06,5317.3002544156225
664,ESP_M74_M75,0.021112208710462974,3.983685077194026e-06,5298.338087317548
173,BGR_C13_C15,0.02111209228271359,3.996554364136466e-06,5281.252075548479
735,FIN_C17,0.021110125504641555,4.00135406727235e-06,5274.427286996212
198,BGR_H49,0.021111866032143423,4.0145349779069355e-06,5257.547536828532
884,GBR_M69_M70,0.02111138414623444,4.0216967656211995e-06,5248.067497072289
324,CAN_M69_M70,0.021112850479006746,4.02743858158411e-06,5240.951314368681
475,CZE_G45,0.02111209469111905,4.078908408126548e-06,5174.649178169544
2264,USA_E36,0.021112840878241532,4.091101663064232e-06,5159.412599351674
1731,NOR_P85,0.02110900076825998,4.1073062162699275e-06,5138.127407509942
1257,JPN_E37_E39,0.021112971495346005,4.148072437161957e-06,5088.600359502924
1208,ITA_H51,0.021112297095887852,4.1897509241151045e-06,5037.831519501677
2387,CHE_I,0.021111996816647875,4.249110137115851e-06,4967.399934481368
1139,IRL_C29,0.02111228061116761,4.251218706367494e-06,4965.003465027089
1204,ITA_G46,0.021112228409732516,4.259317054007952e-06,4955.55334077094
1002,HUN_O84,0.021111354007636383,4.265186021427025e-06,4948.531053639969
1814,PRT_C33,0.021112193103015438,4.271161313519102e-06,4941.806161721154
1671,NLD_M73,0.02111224664073685,4.27155751611234e-06,4941.360428998316
1450,LUX_O84,0.021112131839211096,4.2896787534010465e-06,4920.4643490208555
1370,LTU_F,0.021111257979698043,4.3054168058212825e-06,4902.2793035640425
1440,LUX_K64,0.021111992634831347,4.32057321594883e-06,4885.256266610786
2097,SWE_E37_E39,0.021108775010054592,4.329523526938231e-06,4874.416425345905
1875,ROU_G45,0.021112052190786185,4.353078005382649e-06,4848.799714816041
1279,JPN_M73,0.021112982636394374,4.360218722832587e-06,4841.074015815839
591,DNK_H50,0.021097057198225008,4.35709459164768e-06,4840.890153843304
1426,LUX_F,0.021111833193710055,4.381737531581862e-06,4817.042554243525
1344,LTU_A01,0.021110303967847174,4.418406051450953e-06,4776.7287554209615
1777,POL_K65,0.021111834901628476,4.426937062352577e-06,4767.871495086629
612,DNK_Q,0.02084236375141728,4.3749071468093075e-06,4762.981263579711
1594,MLT_F,0.021111607892149522,4.45689223238633e-06,4735.782471091362
2099,SWE_G45,0.021108822098501945,4.473878860163142e-06,4717.182913356536
1322,KOR_H53,0.021112900841735283,4.499649111671932e-06,4691.079068346236
1268,JPN_J58,0.021112937619465717,4.499941884553906e-06,4690.782098724709
230,BRA_C16,0.021112737237294347,4.5074435241930136e-06,4682.932618319403
1235,JPN_B,0.02111291769198938,4.512393519417449e-06,4677.836665727845
1291,KOR_B,0.021112918311368956,4.5275738932720565e-06,4662.156080247621
313,CAN_H52,0.02111282577736254,4.538455972100616e-06,4650.959477770342
992,HUN_K64,0.021111933858059054,4.5593993403748685e-06,4629.404638130581
1602,MLT_H53,0.021111505264715866,4.56054858853267e-06,4628.144336287095
264,BRA_K64,0.0211128188840619,4.575907010325696e-06,4612.900991090814
826,FRA_K66,0.02111224505911381,4.602150955469811e-06,4586.476798903727
594,DNK_H53,0.021082613391354647,4.6018660056673e-06,4580.32307814231
2061,SVN_M71,0.02111212978014888,4.611845682095982e-06,4576.812500381752
817,FRA_H52,0.02111198570565669,4.624154427090706e-06,4564.60125568963
946,GRC_O84,0.021112096570517613,4.630327099679356e-06,4558.5414539127
489,CZE_K65,0.021111804594355778,4.634159689488046e-06,4554.709224416728
1680,NOR_A01,0.02110867775362003,4.6586124507989e-06,4530.135923643372
9,AUS_C19,0.021112856103949196,4.692392689913478e-06,4498.420971533582
732,FIN_C10_C12,0.021109951295052925,4.693278954186879e-06,4496.952886923076
595,DNK_I,0.02107686761795381,4.7013527885309286e-06,4482.196161325973
790,FRA_C16,0.021111977022257585,4.712863222396934e-06,4478.699535011633
141,BEL_G47,0.02111188166152399,4.717670417294821e-06,4474.116603724843
1184,ITA_C18,0.021112089466252263,4.7700708968697315e-06,4425.021116350162
924,GRC_G46,0.021111778342290003,4.817946523253873e-06,4380.994526586862
995,HUN_L68,0.02111137374849076,4.834925602532834e-06,4365.5290597178755
1862,ROU_C24,0.021112059320781796,4.85380401682048e-06,4348.6944576206715
771,FIN_L68,0.021110683668122045,4.855280435513766e-06,4347.089083599979
1563,MEX_P85,0.021112827614823384,4.8557778402538814e-06,4347.085312372398
418,CYP_F,0.021102947465241804,4.8872905575879715e-06,4317.040326599291
2177,TUR_N,0.02111228252411159,4.890416486791311e-06,4316.189917812723
793,FRA_C19,0.021111603560331735,4.898578762823013e-06,4308.860941377697
1360,LTU_C26,0.02111070912061939,4.904048564314952e-06,4303.873619968481
154,BEL_K66,0.02111197006002574,4.909289372046091e-06,4299.536842006624
979,HUN_G45,0.021111963744108182,4.9460060927805335e-06,4267.624366769662
641,ESP_E37_E39,0.021112013266060558,4.946020695736858e-06,4267.6217797621175
1561,MEX_N,0.02111283473301972,4.9508170784583e-06,4263.654007912787
1719,NOR_J62_J63,0.021108530985408984,4.956122208251723e-06,4258.222835473233
691,EST_C29,0.021111003385119995,4.96872090370257e-06,4247.925345141968
807,FRA_D35,0.02111206506359298,4.987836455208357e-06,4231.861527862261
761,FIN_H52,0.02111054740093533,4.9920907801570315e-06,4227.951849950425
253,BRA_G47,0.021112791785979832,4.997787941122051e-06,4223.582203257208
948,GRC_Q,0.021111553413213253,5.049666110476699e-06,4179.9542775993705
2186,TWN_A03,0.021112802185718996,5.061747426684748e-06,4170.2262440424265
962,HUN_C20,0.02111103769851283,5.079392996347927e-06,4155.394614882872
588,DNK_G46,0.0210828457660062,5.090123809565602e-06,4141.09861685039
912,GRC_C26,0.021112067280444242,5.114289097063328e-06,4127.248114395845
1073,IND_C19,0.02111284637226579,5.137370608685525e-06,4108.860177694886
2084,SWE_C22,0.021109166731884742,5.1369279628498945e-06,4108.497994622711
2367,CHE_C25,0.02111213764429957,5.147810420574546e-06,4100.391336984536
1003,HUN_P85,0.021111021949756212,5.1697609656725965e-06,4082.7688786828608
1818,PRT_F,0.021112192882303638,5.171928222181409e-06,4081.2847144824077
2021,SVN_C13_C15,0.02111212431557685,5.178634326133142e-06,4075.98741267477
2010,SVK_O84,0.021112127798930992,5.215931516215018e-06,4046.8477942083928
1039,IDN_H50,0.021112991372026428,5.234207047240126e-06,4032.8856493186236
1482,LVA_F,0.021110941885453642,5.238384287800277e-06,4029.2791530122604
998,HUN_M72,0.021111524275809902,5.246793570773008e-06,4022.9334464274943
2213,TWN_G47,0.021112896139832454,5.250353010010032e-06,4020.467886959312
312,CAN_H51,0.02111260428513203,5.256647649643871e-06,4015.5989316937394
496,CZE_M74_M75,0.021112079910211478,5.310020096122245e-06,3975.1459282984306
1359,LTU_C25,0.0211108791201391,5.420641897255066e-06,3893.8165818047423
2392,CHE_K64,0.02111206502284767,5.437000417578767e-06,3882.3213316794254
1630,NLD_C16,0.021111808208621963,5.456113445617789e-06,3868.6768048729723
451,CZE_B,0.021112082529942892,5.460514127201873e-06,3865.6097994493994
2384,CHE_H51,0.021111762626498096,5.4624063187615985e-06,3864.212433550713
1290,KOR_A03,0.021112909730826763,5.469281841031199e-06,3859.56525538852
1935,RUS_H50,0.021112404937708877,5.484368211069239e-06,3848.8582945270555
736,FIN_C18,0.021110597865034195,5.503879931528728e-06,3834.8879771427996
1870,ROU_C33,0.0211120854881459,5.542231286898519e-06,3808.624319545266
159,BEL_M73,0.021111974166333924,5.605763872333563e-06,3765.4473502104192
1727,NOR_M73,0.021108866210974287,5.621911692302122e-06,3754.0810466350995
507,DEU_B,0.021111847277533426,5.631192770644738e-06,3748.424128444147
76,AUT_C30,0.02111212975041654,5.63192938750042e-06,3747.9840946106606
1001,HUN_N,0.02111188635359151,5.634129755279712e-06,3746.4774140845984
1220,ITA_M69_M70,0.021112245829064832,5.639391704093177e-06,3743.0460394698976
1536,MEX_E36,0.021112693583272918,5.677804093934333e-06,3717.8062905575302
1169,IRL_N,0.021112362366214193,5.722307403504521e-06,3688.8394904817765
2008,SVK_M74_M75,0.02111218702998607,5.734958796202873e-06,3680.6727140303124
1665,NLD_K65,0.021112232735510793,5.75893875764464e-06,3665.357154620864
913,GRC_C27,0.021112110123594964,5.765867915077433e-06,3660.9317977263727
1097,IND_H52,0.021112881168559233,5.803153894081857e-06,3637.546755968472
1256,JPN_E36,0.02111298567587407,5.8311266077585676e-06,3620.117856801521
740,FIN_C22,0.021110485418447487,5.836822095192455e-06,3616.1577167334935
1607,MLT_J62_J63,0.021111627626018835,5.86132419128215e-06,3601.2385083400695
1142,IRL_C33,0.021112094253633806,5.8899021627454425e-06,3583.8473752201244
328,CAN_M74_M75,0.021112845516794303,5.937903205729589e-06,3555.007513243451
571,DNK_C21,0.02108463563427985,5.996200182220511e-06,3515.7465139796445
485,CZE_J59_J60,0.021112129460420962,6.0130115669081494e-06,3510.4903317096337
2361,CHE_C19,0.021112047337804404,6.024014526008429e-06,3504.0657987908844
1418,LUX_C28,0.021112134363705355,6.033119238873803e-06,3498.793034730564
1715,NOR_I,0.021108698678904192,6.03404348420476e-06,3497.6879179331536
779,FIN_P85,0.0211107326645453,6.052362050782931e-06,3487.439291990618
1472,LVA_C26,0.0211105282819546,6.057288053628137e-06,3484.5699139894978
2120,SWE_M74_M75,0.021109417259158665,6.069567667154671e-06,3477.338268276456
288,CAN_C18,0.021112835875634124,6.0716800252392365e-06,3476.691639915998
182,BGR_C24,0.02111214782109325,6.123554367557188e-06,3447.132077548027
1982,SVK_C33,0.021112150536714332,6.1511630746787455e-06,3431.663023304494
585,DNK_E37_E39,0.021081852418737865,6.15582155813874e-06,3424.145432779295
1586,MLT_C28,0.02111199809962531,6.166276011166231e-06,3423.2290011669247
677,EST_C13_C15,0.021110621955549438,6.215593584260152e-06,3395.8504234537077
1120,IRL_A01,0.02111224065498253,6.230743143588662e-06,3387.8547572525054
766,FIN_J61,0.021109975084003623,6.238828456657787e-06,3383.101832147269
1658,NLD_H53,0.021112245387447062,6.248160163928374e-06,3378.413232119081
827,FRA_L68,0.02111216930187476,6.296775960777229e-06,3352.3214279710965
1999,SVK_J62_J63,0.02111219440628144,6.306475155837054e-06,3347.1704421608106
1141,IRL_C31_C32,0.02111224052613205,6.327512115358994e-06,3336.0512141382587
698,EST_F,0.02111060079276972,6.330871837249775e-06,3334.0221241652666
309,CAN_G47,0.021112854904109433,6.349593433721725e-06,3324.5483472457754
1804,PRT_C22,0.02111207335638896,6.363134902086171e-06,3317.3516402784608
1820,PRT_G46,0.02111221160732831,6.377872440017332e-06,3309.709012972667
1319,KOR_H50,0.021112856591496063,6.391512877760253e-06,3302.7476041461464
42,AUS_K66,0.021112862017244587,6.426954630732928e-06,3284.538119840037
749,FIN_C31_C32,0.021110478446688435,6.446925457558006e-06,3273.9954246747
687,EST_C25,0.02111062810166173,6.450778004135536e-06,3272.0636215520735
610,DNK_O84,0.020816002043029313,6.363639409539653e-06,3270.570523104452
788,FRA_C10_C12,0.021112135332604944,6.469377452686105e-06,3262.890841683506
1115,IND_P85,0.021112862427515644,6.477851995348816e-06,3258.735103483244
132,BEL_C30,0.02111194464129479,6.491147525143428e-06,3251.920040253302
481,CZE_H52,0.021112056166668176,6.508951454609356e-06,3243.04356397617
1452,LUX_Q,0.021112103573165442,6.553865013122607e-06,3220.829648040007
1661,NLD_J59_J60,0.021112212234628978,6.577496062231486e-06,3209.276411342492
846,GBR_C16,0.021111594778345212,6.647210608383685e-06,3175.5303828255032
458,CZE_C20,0.02111171949517076,6.6501048853424985e-06,3174.167278837554
155,BEL_L68,0.02111193597019467,6.651814763175778e-06,3173.3840068796244
6,AUS_C16,0.02111292568927175,6.683792006886383e-06,3158.3519229202834
2137,TUR_C19,0.021111642733131514,6.695461113660438e-06,3152.6566607046884
2115,SWE_L68,0.02110864343512816,6.720332851339187e-06,3140.5442792380654
2214,TWN_H49,0.02111279699903087,6.725152649495079e-06,3138.911365714511
2102,SWE_H49,0.021105134964659315,6.729315466088846e-06,3135.8314585696585
248,BRA_E36,0.021112744683162286,6.735121292688021e-06,3134.2583908160796
1383,LTU_J62_J63,0.021110800317202274,6.787355436531965e-06,3109.8548852632503
476,CZE_G46,0.021112081940898135,6.798953711322896e-06,3104.7390669356323
1156,IRL_J58,0.02111224048504405,6.824360482069047e-06,3093.205192679298
881,GBR_K65,0.021111933672593446,6.8328988627265075e-06,3089.2955978237082
889,GBR_N,0.02111153676484685,6.839362680749943e-06,3086.3183357599814
536,DEU_H51,0.02111164330827932,6.843617241603266e-06,3084.4154702994297
1785,POL_N,0.02111181349813824,6.8955698037623385e-06,3061.204932141911
100,AUT_M69_M70,0.021111988618668164,6.9975904278024915e-06,3016.605820337622
787,FRA_B,0.02111207618480804,7.018428051643186e-06,3007.663306680078
2119,SWE_M73,0.021109028803785925,7.05135580124628e-06,2993.188290366118
2028,SVN_C22,0.021112109900077138,7.073655691475419e-06,2984.189029229521
1439,LUX_J62_J63,0.02111173304500084,7.082466772757061e-06,2980.423812559741
622,ESP_C16,0.02111208624202804,7.084366962953724e-06,2979.6743559527513
2076,SWE_C10_C12,0.021108085367144667,7.112029281385109e-06,2967.524036824199
2212,TWN_G46,0.021112912253319297,7.1241261333957e-06,2963.1632981712964
551,DEU_M73,0.021112141998202348,7.1806387862717385e-06,2939.738773629196
540,DEU_J58,0.021111973797343683,7.182046313786492e-06,2939.1393115234778
574,DNK_C24,0.021098422416087472,7.2025389756949496e-06,2928.8968224194327
534,DEU_H49,0.021111876113684692,7.214726145482122e-06,2925.814490188651
1682,NOR_A03,0.021108705717126704,7.217279395213398e-06,2924.3403533429805
1666,NLD_K66,0.021112149250793667,7.230986553517446e-06,2919.2738529810013
1095,IND_H50,0.021112774108768793,7.237520971955323e-06,2916.724865558503
2034,SVN_C28,0.02111210817285145,7.3000782613100806e-06,2891.642496797886
314,CAN_H53,0.02111284572666018,7.310586906801309e-06,2887.5873316941374
305,CAN_E37_E39,0.02111278760108304,7.348622872792393e-06,2872.6355034134576
776,FIN_M74_M75,0.021110704053655664,7.352524123972056e-06,2870.828149571987
880,GBR_K64,0.021111974614409598,7.3765752655050055e-06,2861.6413733007785
1433,LUX_H52,0.02111199072360044,7.4049997495835245e-06,2850.66046954534
619,ESP_B,0.021112190709795538,7.4369500799530925e-06,2838.442108760252
1863,ROU_C25,0.021112071025385266,7.461385627370296e-06,2829.131604771415
1860,ROU_C22,0.021112043691952506,7.482448255519163e-06,2821.165186300585
1782,POL_M72,0.02111169632153696,7.526500404875529e-06,2804.609124678759
1781,POL_M71,0.021111501257382065,7.5362733401104425e-06,2800.946748877323
1107,IND_L68,0.021112920952203542,7.544212508590544e-06,2798.187715477276
2108,SWE_J58,0.021104423106328825,7.579088892679627e-06,2784.192033250448
537,DEU_H52,0.02111184899189175,7.591327764882359e-06,2780.6819786604497
119,BEL_C17,0.021111875556583396,7.655412721593542e-06,2757.410856005859
1294,KOR_C16,0.02111278001219943,7.659571007973639e-06,2756.032153507072
483,CZE_I,0.021112052568952797,7.663635860788447e-06,2754.4756140288496
613,DNK_R_S,0.020818182269264685,7.605165023598229e-06,2737.0142778490863
1044,IDN_J58,0.021112674159562347,7.759162942199797e-06,2720.6483055596086
764,FIN_J58,0.021110602675015147,7.76565478383146e-06,2718.1075073612096
152,BEL_K64,0.021112006907795685,7.7859237446837e-06,2711.2127458817486
1354,LTU_C20,0.02111060102982071,7.79222847296968e-06,2708.8389751489376
125,BEL_C23,0.021111849719933164,7.810397284832014e-06,2702.6982433639178
2380,CHE_G46,0.02111178932511476,7.826527364378674e-06,2697.121114030184
1900,ROU_Q,0.021111846326402433,7.82965602441975e-06,2696.05078560028
161,BEL_N,0.02111160038760325,7.846186666661028e-06,2690.3400268654777
1520,MEX_C18,0.02111261337307838,7.898933437638382e-06,2672.5052229541084
1695,NOR_C25,0.021109146231677235,7.947141536061571e-06,2655.8593774283927
1972,SVK_C22,0.021111661503914733,7.952055378088597e-06,2654.534703993048
1780,POL_M69_M70,0.021111906212162034,7.952829852177616e-06,2654.3069948097987
629,ESP_C23,0.021112145063041675,7.97158748922556e-06,2648.0919891532553
1286,JPN_T,0.021113000439843602,8.04424023457464e-06,2624.2846483452295
981,HUN_G47,0.02111139021241173,8.098249328433717e-06,2606.5860373376577
2152,TUR_E36,0.021112276230983357,8.120318632391587e-06,2599.611859431029
498,CZE_O84,0.02111210445491169,8.123912316863914e-06,2598.440897767205
2229,TWN_M71,0.021112868941600308,8.125716453214304e-06,2597.9581129903554
599,DNK_J62_J63,0.02107731132802446,8.114262283453878e-06,2597.243390518476
868,GBR_G46,0.021111856294682704,8.133043877391525e-06,2595.4932888133103
1264,JPN_H51,0.02111291247587072,8.143561731890712e-06,2592.2711584591893
286,CAN_C16,0.02111288682279041,8.184937328752672e-06,2579.1654608242
1263,JPN_H50,0.02111226642705063,8.209992794878206e-06,2571.2196995495947
2031,SVN_C25,0.021112097348380467,8.20995102205462e-06,2571.212188657971
1853,ROU_C13_C15,0.021112024626810916,8.231979923899692e-06,2564.3235890232613
864,GBR_E36,0.021111929938417224,8.236898756554802e-06,2562.7809423633303
1092,IND_G46,0.021112876293785707,8.240160213431857e-06,2561.881549077869
1660,NLD_J58,0.021112155342649642,8.298472708971405e-06,2543.794778652411
1763,POL_G45,0.021111885078023765,8.315931699041806e-06,2538.4223223158206
1099,IND_I,0.021112888033734723,8.34170028807559e-06,2530.7019675526217
738,FIN_C20,0.021110218413398336,8.37268245357749e-06,2521.0196983740902
1709,NOR_G47,0.021108790759371773,8.39711027584443e-06,2513.516739603575
1273,JPN_K65,0.021112972929374193,8.447583272486793e-06,2498.9956597965456
2,AUS_A03,0.021112859298200632,8.456577131139001e-06,2496.3247713659707
2077,SWE_C13_C15,0.0211092350033259,8.466704973448978e-06,2492.9110153831803
1591,MLT_D35,0.021111792110375057,8.496135914597942e-06,2484.577429684906
926,GRC_H49,0.021112130232329097,8.517846480768763e-06,2478.285091765603
2364,CHE_C22,0.02111206493413165,8.520165989388834e-06,2477.602825766087
1749,POL_C23,0.02111175893578502,8.520973048892774e-06,2477.33228146362
840,GBR_A01,0.02111185881488647,8.529772567552012e-06,2474.788613541097
1315,KOR_G45,0.02111291349420353,8.557751916436678e-06,2466.8215296271383
2155,TUR_G45,0.021112010317347978,8.566625275617964e-06,2464.1612626814162
1635,NLD_C21,0.021112152601392344,8.577521076709893e-06,2461.0480539251007
2374,CHE_C33,0.021112121894989934,8.60625058401606e-06,2452.8299355192257
560,DNK_A01,0.02108935208411467,8.600466769758205e-06,2451.832071044263
1521,MEX_C19,0.021112817527095526,8.641863617358601e-06,2442.803503770657
1362,LTU_C28,0.021111021705412566,8.641546832246355e-06,2442.685254148102
1171,IRL_P85,0.021112311649622503,8.665633333598225e-06,2436.045328902482
145,BEL_H52,0.021108099656854035,8.669022717771225e-06,2434.6071912346993
2118,SWE_M72,0.02110918449955674,8.695158686753124e-06,2427.414823019778
61,AUT_C13_C15,0.02111207417684664,8.745870174303163e-06,2413.6718341687942
1986,SVK_F,0.02111210749715253,8.83946358339e-06,2388.122217574567
1051,IDN_L68,0.021112994271581764,8.860133791442695e-06,2382.651562260671
274,BRA_O84,0.021112801924509,8.861980903048245e-06,2382.1332975283376
164,BEL_Q,0.02111188845397915,8.885157019539319e-06,2375.817623699119
1565,MEX_R_S,0.021112862167556864,8.888632298916866e-06,2374.9983641201115
471,CZE_D35,0.021112117234120483,8.971837148413407e-06,2352.8920546444515
1241,JPN_C19,0.02111268703668442,9.014158264001272e-06,2341.909750047339
808,FRA_E36,0.02111222355493642,9.02236124309977e-06,2339.7293964132364
1189,ITA_C23,0.021112184942023698,9.055883257994829e-06,2331.0651512911168
2032,SVN_C26,0.02111198145710729,9.063971279716851e-06,2328.962862171002
1632,NLD_C18,0.021112049175060564,9.07948368018111e-06,2324.9916985302575
2136,TUR_C18,0.021112114981601655,9.107832396161376e-06,2317.763030802793
116,BEL_C10_C12,0.02111191717009233,9.142058687949232e-06,2309.06503946194
477,CZE_G47,0.02111213693115108,9.142749735438127e-06,2308.914563718588
2105,SWE_H52,0.021105887202405863,9.171803264417566e-06,2300.920077974222
2195,TWN_C21,0.02111231100381507,9.243468737231768e-06,2283.7776408703717
1649,NLD_E37_E39,0.021112024678651312,9.272159466430951e-06,2276.680861046046
320,CAN_K64,0.021112798854899507,9.37492821411736e-06,2251.8089273667765
2042,SVN_F,0.02111216926155895,9.431862406114774e-06,2238.1508764373752
1238,JPN_C16,0.02111269789140701,9.435799307945824e-06,2237.273168841265
2148,TUR_C30,0.02111233774501242,9.469728026818488e-06,2229.220149203747
2207,TWN_D35,0.02111285483249731,9.550654076570277e-06,2210.3872966134813
769,FIN_K65,0.02111028035247423,9.619279089840506e-06,2194.3521757874714
609,DNK_N,0.021084094200346102,9.627367015871819e-06,2189.78920990342
1048,IDN_K64,0.021112988508690367,9.663107063061462e-06,2184.68073365922
1866,ROU_C28,0.02111206262720458,9.66320029998512e-06,2184.5638513139143
54,AUS_T,0.02111286032981057,9.666276872150493e-06,2183.951138363744
2095,SWE_D35,0.021108674083333577,9.701739933627037e-06,2175.537448981467
315,CAN_I,0.021112867759939993,9.727685788374397e-06,2170.1664766652743
911,GRC_C25,0.021112074944518732,9.755405263656096e-06,2163.9194328226617
528,DEU_E36,0.02111208180475633,9.804161428714295e-06,2153.160043130943
572,DNK_C22,0.021101744836390483,9.824126864826495e-06,2147.7325562007513
1939,RUS_I,0.02111230032396055,9.843966829737191e-06,2144.476531925922
1942,RUS_J61,0.02111237437579567,9.876687269947841e-06,2137.3803197868556
36,AUS_J58,0.021112666161171995,9.92480244195406e-06,2127.0487987886663
1787,POL_P85,0.021111884538338413,9.925572093641217e-06,2126.805138690556
1416,LUX_C26,0.02111209598324637,9.943236512940815e-06,2123.0484568395364
814,FRA_H49,0.02111196288289231,9.969445540669832e-06,2117.4543100181227
487,CZE_J62_J63,0.021112178473815385,1.0008907412103183e-05,2109.128247109281
1265,JPN_H52,0.021112968175227436,1.0012810973107575e-05,2108.384932762064
590,DNK_H49,0.021085406716614966,1.0021967163293471e-05,2103.709048737067
2192,TWN_C18,0.02111267436889809,1.0122408512841754e-05,2085.530218613249
605,DNK_M71,0.021080812426697775,1.0124156021091295e-05,2082.0234653950224
2026,SVN_C20,0.021112082970712192,1.0163040997596183e-05,2077.1347710723758
689,EST_C27,0.021110672756422748,1.018435590449005e-05,2072.6494934866682
809,FRA_E37_E39,0.02111214226446404,1.0186640832875153e-05,2072.328874839787
1802,PRT_C20,0.021112080433662604,1.0194479440251061e-05,2070.7295382611965
2391,CHE_J62_J63,0.02111204720300037,1.0232159895376585e-05,2063.101468055722
1124,IRL_C10_C12,0.021111998434158518,1.023938647885622e-05,2061.640786482951
1707,NOR_G45,0.021108911670330324,1.03958295407566e-05,2030.3219926402853
813,FRA_G47,0.021112183438475048,1.050274080181724e-05,2009.9680520317534
529,DEU_E37_E39,0.021112106256083018,1.0631349734607867e-05,1985.6482135236738
2221,TWN_J59_J60,0.021112833650522883,1.0806072028897682e-05,1953.6127448829805
1105,IND_K65,0.021112855632533224,1.0892765935137434e-05,1938.067676342714
1729,NOR_N,0.021108796460042368,1.089426740108986e-05,1937.4280302593438
501,CZE_R_S,0.021112090750433653,1.0942704880871335e-05,1929.1538816379991
1271,JPN_J62_J63,0.021112952205213403,1.0966886881676632e-05,1924.9790258582536
1070,IND_C16,0.021112887177176638,1.0976120329778056e-05,1923.3538981897555
1170,IRL_O84,0.021112393334017238,1.097806582010854e-05,1922.9680994670016
32,AUS_H51,0.021112825352535714,1.098689644763528e-05,1921.4619880295133
2232,TWN_M74_M75,0.021112875263203858,1.0994261091781769e-05,1920.179528886707
2181,TUR_R_S,0.021112270521070085,1.1001488285035386e-05,1918.863258394479
1908,RUS_C10_C12,0.021112259353737062,1.1065997529062175e-05,1907.6772447356034
1320,KOR_H51,0.021112828624930073,1.1071851684803889e-05,1906.7200777108576
462,CZE_C24,0.02111201470400588,1.1123206507628778e-05,1897.8445509374212
2112,SWE_K64,0.021109150889004606,1.1152169938207621e-05,1892.6593072603148
2094,SWE_C33,0.021106570040792656,1.1208279200753178e-05,1882.9551537421294
1654,NLD_H49,0.02111164467627557,1.1248359195576989e-05,1876.6975353206094
1057,IDN_N,0.02111296329190684,1.1292892046315905e-05,1869.4142998111922
1331,KOR_L68,0.021112915227898328,1.1310680430605025e-05,1866.4702700383011
1272,JPN_K64,0.02111298519157328,1.1315798750358874e-05,1865.632292074095
795,FRA_C21,0.02111181535835794,1.1353141461691619e-05,1859.3933702154661
1131,IRL_C21,0.021112217259121664,1.1357742960106334e-05,1858.6755007372772
1005,HUN_R_S,0.021111487713387958,1.1412614249526036e-05,1849.675944170326
990,HUN_J61,0.021111990988554635,1.1441551146310512e-05,1845.0423090625115
77,AUT_C31_C32,0.02111201428650624,1.1463909614202154e-05,1841.4462038456663
623,ESP_C17,0.021112107788228727,1.1544045981076751e-05,1828.67247326976
1702,NOR_C33,0.0211091695334902,1.1546808887727391e-05,1827.9805059749724
165,BEL_R_S,0.021111995936953124,1.1571683108863513e-05,1824.2956917038066
1670,NLD_M72,0.02111221349591163,1.1584871330046456e-05,1822.2378701168411
885,GBR_M71,0.021111954924462814,1.1595495390896009e-05,1820.5461402620872
95,AUT_J62_J63,0.02111212727963812,1.1623982292213305e-05,1816.0997366662255
2134,TUR_C16,0.021112186553029766,1.1630109443943138e-05,1815.1481296587633
2167,TUR_J62_J63,0.021112235539983613,1.16410095655459e-05,1813.4528597592378
848,GBR_C18,0.02111187764096654,1.1649486330833655e-05,1812.1026918071902
598,DNK_J61,0.02107919489190202,1.1716876160902659e-05,1798.8921031811137
778,FIN_O84,0.0211102632908605,1.1741463398598965e-05,1797.771266068348
579,DNK_C29,0.021093736694767266,1.175618946708413e-05,1794.1138699705475
281,CAN_A02,0.021112836261654937,1.1767579414122407e-05,1794.0004072470574
991,HUN_J62_J63,0.021111905445269676,1.1876173519223939e-05,1777.519324029303
869,GBR_G47,0.021111861971421404,1.1908943583801495e-05,1772.624851064389
478,CZE_H49,0.021112047770186843,1.192458274480169e-05,1770.315817848775
71,AUT_C25,0.021112000815072196,1.2014404767497987e-05,1757.0777866910285
492,CZE_M69_M70,0.02111202504772066,1.203216264095322e-05,1754.4868026522615
1004,HUN_Q,0.021111308558455808,1.2055560440716783e-05,1751.0224961971578
2231,TWN_M73,0.021112868825783736,1.2067837130743673e-05,1749.370597768832
1700,NOR_C30,0.021109411041917884,1.2072676830775866e-05,1748.3829770985656
2163,TUR_I,0.02111231126368019,1.2143667008726296e-05,1738.4018226691915
2124,SWE_Q,0.021108429949362562,1.2176467485764318e-05,1733.4006413105765
1830,PRT_J61,0.021112201444710935,1.2221272029437335e-05,1727.3548971796904
967,HUN_C25,0.021111812308019735,1.230752428877478e-05,1715.2188038718373
1732,NOR_Q,0.021108448767726006,1.2398746493687075e-05,1702.3290579749096
1683,NOR_B,0.021108711285007003,1.2465326737750176e-05,1693.258305278186
2191,TWN_C17,0.02111263684978208,1.247067766730999e-05,1692.8465770985445
2125,SWE_R_S,0.021108748610835577,1.2500864307054143e-05,1688.448066015644
843,GBR_B,0.021111198599112344,1.2522897575212448e-05,1685.6732077477268
2220,TWN_J58,0.02111271054506037,1.2586302393412505e-05,1677.3022435775906
257,BRA_H52,0.021112674074273783,1.2695868065590995e-05,1662.8253491496812
1547,MEX_I,0.02111288893331471,1.2771597171238688e-05,1652.9832304471854
1281,JPN_N,0.021112985018728752,1.2801674360947692e-05,1649.1073992423178
1975,SVK_C25,0.02111204727459521,1.2845483913754537e-05,1643.410556252739
1708,NOR_G46,0.021108457750775213,1.2970151075375462e-05,1627.3388250675516
70,AUT_C24,0.021111990271815137,1.3030183279407275e-05,1620.1130641127334
2382,CHE_H49,0.02111176429412725,1.3085033075520632e-05,1613.3051301559017
1138,IRL_C28,0.021111816692872876,1.3129367778085609e-05,1607.8617941005573
469,CZE_C31_C32,0.0211120430123748,1.3431062925502959e-05,1571.7647489791123
1093,IND_G47,0.021112877029071754,1.346692800274853e-05,1567.6410673388693
1657,NLD_H52,0.02111175007271947,1.3593909024591864e-05,1552.9158771515408
820,FRA_J58,0.021112001198954376,1.3615909656847563e-05,1550.4252970010518
488,CZE_K64,0.021112127655689258,1.3618635706576014e-05,1550.1242551954322
770,FIN_K66,0.021110381432514178,1.3652188624467414e-05,1546.186902793021
2396,CHE_M69_M70,0.021112033180308125,1.367047333417555e-05,1544.239795101884
653,ESP_J59_J60,0.021112239013044345,1.3745134611445869e-05,1535.8673263293238
1910,RUS_C16,0.02111238836275565,1.3790506055173223e-05,1530.8254427250422
964,HUN_C22,0.021111658782916213,1.383359857359008e-05,1526.004435229358
1756,POL_C30,0.021111959026845064,1.3842918210332116e-05,1524.9988266391663
1549,MEX_J59_J60,0.02111279933993713,1.3877665085946951e-05,1521.241359251129
2122,SWE_O84,0.021108827609869787,1.3917332361307564e-05,1516.6204586802025
570,DNK_C20,0.021088494680775758,1.3978873861523064e-05,1508.4896251330147
1739,POL_B,0.02111185891309419,1.4004778655628016e-05,1507.36773957303
1176,ITA_A01,0.021112227773337794,1.4014913137537536e-05,1506.3041249017767
1655,NLD_H50,0.021111445649715618,1.4014697232388566e-05,1506.2715253958
308,CAN_G46,0.02111284367854602,1.4033971850852844e-05,1504.3025310565965
325,CAN_M71,0.021112832739186984,1.404411258884377e-05,1503.2156279015664
1697,NOR_C27,0.021109337515373475,1.408133501520067e-05,1498.994129353389
1539,MEX_G45,0.02111284583568531,1.4154693200187968e-05,1491.4738216709134
267,BRA_L68,0.02111282757833109,1.4234798293996944e-05,1483.0799890747328
2101,SWE_G47,0.021104090146031096,1.4321457801129534e-05,1473.4964095594494
1234,JPN_A03,0.021112942690620168,1.433679433076242e-05,1472.5377002598889
747,FIN_C29,0.021110615134135983,1.4365043294326646e-05,1469.4801276613766
661,ESP_M71,0.021112135476098637,1.4407183425476083e-05,1465.287805731904
1523,MEX_C21,0.021112644177310954,1.4507772962422147e-05,1455.1640053912824
2357,CHE_C13_C15,0.021111503821991614,1.4533049278207811e-05,1452.5548536322883
1978,SVK_C28,0.021112084476827133,1.4581254547981207e-05,1447.7928915148395
135,BEL_D35,0.02111157489328206,1.4602631338923762e-05,1445.6387184338435
1296,KOR_C18,0.021112830623721757,1.4735769895205965e-05,1432.6633837575218
844,GBR_C10_C12,0.021111764006666603,1.4742956080970448e-05,1431.8927627514354
1283,JPN_P85,0.021112965707777653,1.4791535556036499e-05,1427.271587605678
1557,MEX_M71,0.02111280247706083,1.4838856537106713e-05,1422.7093384810535
546,DEU_K66,0.02111211738923178,1.484779102537519e-05,1421.8071594618814
1810,PRT_C28,0.02111213550391394,1.4903431743470966e-05,1416.5005326796386
1957,RUS_R_S,0.021112353488752865,1.4917992264787993e-05,1415.1326788058284
133,BEL_C31_C32,0.021111981115803324,1.49362096107679e-05,1413.3818608653767
2242,USA_A03,0.021112911720051298,1.512815726842464e-05,1395.5114184790102
1865,ROU_C27,0.021112078796437093,1.5177173290572158e-05,1390.9499115780125
1017,IDN_C19,0.021112965113623518,1.5265366535527374e-05,1382.972501314582
2035,SVN_C29,0.021112089032641407,1.5282308155725323e-05,1381.382146949157
847,GBR_C17,0.021111838816638744,1.529532768895734e-05,1380.1900198489939
123,BEL_C21,0.021112002436077793,1.5324807558342857e-05,1377.545839311099
1667,NLD_L68,0.02111221337680518,1.544907670777976e-05,1366.4795182650644
1736,POL_A01,0.021111542429813026,1.5517767828533106e-05,1360.3878003121445
775,FIN_M73,0.021110833636688885,1.558636389635183e-05,1354.3556034917365
818,FRA_H53,0.021112187032844787,1.5602649939388984e-05,1353.0287538398538
755,FIN_G45,0.021110472368313756,1.5608282943893694e-05,1352.4306301701138
1807,PRT_C25,0.021112104058035885,1.571681726192365e-05,1343.195668089352
1806,PRT_C24,0.02111208124898364,1.6006829821671456e-05,1318.8596758070248
564,DNK_C10_C12,0.021092363816498108,1.5999376359815533e-05,1318.2417302052313
1280,JPN_M74_M75,0.02111294527248886,1.602249397634329e-05,1317.6243148753647
1631,NLD_C17,0.02111178500677954,1.609761431920081e-05,1311.403862977171
1534,MEX_C33,0.021112832268628503,1.6130107801286408e-05,1308.8271759577988
1525,MEX_C23,0.021112809011611337,1.6296599975918032e-05,1295.4551003097663
1988,SVK_G46,0.02111215795430957,1.630460032452241e-05,1294.7795563563798
291,CAN_C21,0.02111234032166969,1.6448152540670432e-05,1283.4910655408876
124,BEL_C22,0.021111868129045506,1.651400241474071e-05,1278.3448405797262
1031,IDN_D35,0.021112955292273833,1.6564305093881236e-05,1274.528611010755
2362,CHE_C20,0.021112047227263103,1.662661931326379e-05,1269.6975333337168
748,FIN_C30,0.021110606511509145,1.6652904529551238e-05,1267.6070331765015
2086,SWE_C24,0.021108345284788443,1.6688330874224097e-05,1264.780801810893
2135,TUR_C17,0.021112112340947956,1.6723007702373477e-05,1262.3835576176946
150,BEL_J61,0.021112039147159145,1.6725313185020676e-05,1262.2051801628422
1137,IRL_C27,0.021112264019170848,1.685108955994044e-05,1252.7979954104555
743,FIN_C25,0.021110349623207333,1.6921130045676758e-05,1247.4995503654445
565,DNK_C13_C15,0.0210979948611904,1.6928649250303708e-05,1246.2157100397053
499,CZE_P85,0.02111210307829038,1.7011076675790903e-05,1241.0068141965312
1913,RUS_C19,0.021112317976094783,1.701368260884457e-05,1240.8293743381487
888,GBR_M74_M75,0.021111530503492407,1.71501214983184e-05,1230.9125386093444
1757,POL_C31_C32,0.02111173495079757,1.7298719429543194e-05,1220.3512916368168
1047,IDN_J62_J63,0.02111295545568465,1.7313826266891992e-05,1219.3570487077386
865,GBR_E37_E39,0.02111190998534845,1.73466940195745e-05,1216.9865321308152
733,FIN_C13_C15,0.021110184488334998,1.7368992673541552e-05,1215.3248930548261
287,CAN_C17,0.021112854828530522,1.738650869825228e-05,1214.2541634301353
162,BEL_O84,0.02111199317361308,1.7452643844015105e-05,1209.6037573754224
552,DEU_M74_M75,0.021112075754020593,1.7483809942553257e-05,1207.4524014493038
2179,TUR_P85,0.021112257942137592,1.74938836420721e-05,1206.767554107439
2033,SVN_C27,0.021112074046738354,1.7542360555019196e-05,1203.422456064049
510,DEU_C16,0.021111622165998246,1.7551812512906015e-05,1202.7486848888493
2161,TUR_H52,0.021112221419312755,1.7553185497502967e-05,1202.6887503448058
910,GRC_C24,0.021112059621075374,1.7588535767379875e-05,1200.2624685654346
1878,ROU_H49,0.021112088279455807,1.760174596589471e-05,1199.3633448077046
1809,PRT_C27,0.02111215128945509,1.775286787352978e-05,1189.1578466083079
2117,SWE_M71,0.0211090455418288,1.7753941324272146e-05,1188.911027994859
643,ESP_G45,0.021112204058605945,1.784469996811401e-05,1183.0415224019455
1698,NOR_C28,0.02110529265855837,1.784269601775557e-05,1182.7870547423197
2092,SWE_C30,0.021106262685960452,1.785921443298732e-05,1181.747440107873
797,FRA_C23,0.021112092050254477,1.791696511867944e-05,1178.2639328974453
235,BRA_C21,0.021112538780662996,1.7940447613705816e-05,1176.7466725781214
1955,RUS_P85,0.021112273821985716,1.8024498058310457e-05,1171.2449638667342
1562,MEX_O84,0.021112790492732743,1.8161472011093268e-05,1162.4403594311107
581,DNK_C31_C32,0.021092225861157554,1.8341042948502572e-05,1149.9387456662512
470,CZE_C33,0.021112152381392052,1.844912740546855e-05,1144.2822001941563
284,CAN_C10_C12,0.021112857988249783,1.8537511057998687e-05,1138.8648161762894
2100,SWE_G46,0.021104582179792816,1.8535904215392514e-05,1138.5170864867596
757,FIN_G47,0.021110662033843108,1.8578071954929093e-05,1136.260308644877
460,CZE_C22,0.021111791949252424,1.8726630924076296e-05,1127.307134300209
463,CZE_C25,0.021112038475914537,1.8729009963209917e-05,1127.1771086819215
1931,RUS_G45,0.0211124014377336,1.875168378929197e-05,1125.8335966710567
1329,KOR_K65,0.021112887071574268,1.8864455624700167e-05,1119.129454998775
41,AUS_K65,0.021112921025512477,1.8873112261948205e-05,1118.617963721552
2110,SWE_J61,0.021109163923300398,1.8904689955336723e-05,1116.5508359213136
1045,IDN_J59_J60,0.02111295713712058,1.8935758299721573e-05,1114.9192909871488
33,AUS_H52,0.021112906311185023,1.9041243218970276e-05,1108.7405022824155
1886,ROU_J61,0.021112082660602174,1.9091750739654617e-05,1105.7643263918758
511,DEU_C17,0.02111158958024488,1.912368111725877e-05,1103.8923708481109
66,AUT_C20,0.021111575790834492,1.9161609797093193e-05,1101.7067098050989
2205,TWN_C31_C32,0.02111291502566779,1.9246565705917083e-05,1096.913518740568
261,BRA_J59_J60,0.021112806566208564,1.934461232152634e-05,1091.3485815445513
640,ESP_E36,0.021112231772753266,1.9363264941399732e-05,1090.2676572874439
832,FRA_M74_M75,0.02111222387216629,1.9404993334306027e-05,1087.9228652956394
8,AUS_C18,0.02111271066249771,1.9528307376549117e-05,1081.0783124776842
1261,JPN_G47,0.021112969607546443,1.9563935816613927e-05,1079.122865796369
1330,KOR_K66,0.021112902165219556,1.9568007839736438e-05,1078.8948697924336
1877,ROU_G47,0.021112041081747107,1.9582565318676782e-05,1078.048901627357
453,CZE_C13_C15,0.021111877365622547,1.9641985386113784e-05,1074.779467104179
582,DNK_C33,0.02109187581740891,1.9647076085000557e-05,1073.483008013724
82,AUT_F,0.02111204368465997,1.971407306068e-05,1070.8579988357287
638,ESP_C33,0.021112233839799877,1.9727628764933083e-05,1070.1318419720128
781,FIN_R_S,0.0211106557026101,1.980368362058816e-05,1065.942587472809
1786,POL_O84,0.02111192535274956,1.9815164688166654e-05,1065.3890742721107
1684,NOR_C10_C12,0.02110834436295061,1.9813056398874996e-05,1065.3217058647872
541,DEU_J59_J60,0.021112106924092267,1.9879664283223305e-05,1061.9417250513175
1187,ITA_C21,0.021111921643674314,2.0063852615373107e-05,1052.184237201871
1694,NOR_C24,0.021109247995009184,2.019028788991937e-05,1045.4631774899367
1519,MEX_C17,0.021112585775799473,2.0336516691605015e-05,1038.1103109070536
922,GRC_F,0.021112010042203377,2.03440294821209e-05,1037.6986703684306
293,CAN_C23,0.021112843251931027,2.0405368198468478e-05,1034.6203227635367
1797,PRT_C13_C15,0.021112227150369037,2.0559971584697127e-05,1026.810774160215
2093,SWE_C31_C32,0.021106375651042206,2.067176326612242e-05,1020.9750568580433
742,FIN_C24,0.02110942872965766,2.0812461035024617e-05,1014.2200133910931
1659,NLD_I,0.02111215774790592,2.0882474166231728e-05,1010.9504567991839
2211,TWN_G45,0.0211128170330111,2.0958194283508215e-05,1007.3296114070456
1071,IND_C17,0.021112561530783665,2.12397818434447e-05,993.9634843196412
627,ESP_C21,0.021111892691586105,2.1276597014286445e-05,992.2122633214136
1180,ITA_C10_C12,0.021112276874663174,2.1349807619705583e-05,988.8280223731557
1811,PRT_C29,0.02111218554945407,2.147656193729594e-05,982.9879951500739
883,GBR_L68,0.02111188901760054,2.1529391590673926e-05,980.5622405281907
1765,POL_G47,0.021111879972142096,2.1529549655453e-05,980.5546216882175
2390,CHE_J61,0.021112110841111913,2.1539182601012288e-05,980.126827714067
1324,KOR_J58,0.021112913995098685,2.1609079241539226e-05,976.9938258493341
973,HUN_C31_C32,0.021111734601978523,2.1711551047956644e-05,972.3286110116176
1864,ROU_C26,0.021112106697179524,2.1720798785464062e-05,971.9317863908889
974,HUN_C33,0.021111904275108166,2.174009008656228e-05,971.0600614344081
7,AUS_C17,0.021112726001846653,2.1996678189824412e-05,959.7706548690618
1332,KOR_M69_M70,0.02111294574066686,2.2022001756190825e-05,958.6770220699755
2111,SWE_J62_J63,0.02110895833946563,2.2099716036884654e-05,955.1255400158146
1637,NLD_C23,0.021112075209013207,2.2148645568170422e-05,953.1563448289111
1040,IDN_H51,0.021112913221262207,2.2360140768975665e-05,944.178717865536
1224,ITA_M74_M75,0.021112225969040603,2.2382066316926096e-05,943.2231344047584
1713,NOR_H52,0.021109042915654765,2.2396360092837537e-05,942.4790612892472
1696,NOR_C26,0.02110893366970927,2.2648369623307887e-05,931.9876897583325
1911,RUS_C17,0.021112203261267875,2.2753080075004547e-05,927.842531610835
1068,IND_C10_C12,0.021112888848926866,2.2822270916207195e-05,925.059730765157
1653,NLD_G47,0.02111224580971055,2.282665008383222e-05,924.8541015907455
317,CAN_J59_J60,0.021112844798144202,2.283210923189473e-05,924.6592123622152
637,ESP_C31_C32,0.021112243627909782,2.296187289247357e-05,919.4077642971948
1947,RUS_L68,0.021112354237372025,2.2965668583339514e-05,919.2606302808477
768,FIN_K64,0.02111053149891889,2.3013550408627612e-05,917.2689070217531
1647,NLD_D35,0.021112169643406793,2.3188979543857267e-05,910.4005289646382
259,BRA_I,0.02111282218752856,2.320976440404264e-05,909.6133940272695
1917,RUS_C23,0.021112395689745263,2.326243721656588e-05,907.5355242307503
232,BRA_C18,0.021112627666838187,2.3330892603914307e-05,904.8827724886836
1789,POL_R_S,0.02111193031507337,2.335970261214181e-05,903.736957984319
2158,TUR_H49,0.021112219125702294,2.352697658469532e-05,897.3240452574895
531,DEU_G45,0.02111210166643244,2.35474255981608e-05,896.5398378090024
777,FIN_N,0.021110795020122856,2.355829590344767e-05,896.0707105441763
289,CAN_C19,0.02111267476824074,2.3727610863382798e-05,889.7560371231473
1028,IDN_C30,0.021112898279363582,2.3806271797540216e-05,886.8256076928975
853,GBR_C23,0.02111192081357735,2.3941383167113943e-05,881.7802583067682
1512,MEX_A01,0.021112809990133225,2.399553206161664e-05,879.8275490775587
1808,PRT_C26,0.021112176641564284,2.4032652438692665e-05,878.4422881798446
1158,IRL_J61,0.02111234152474443,2.406820810568657e-05,877.1514805157403
821,FRA_J59_J60,0.021112037135747348,2.416831020737096e-05,873.5059856738804
655,ESP_J62_J63,0.021112243156918682,2.447962542375951e-05,862.4062004734704
651,ESP_I,0.021112245430758167,2.455378597187722e-05,859.8016474237724
2241,USA_A02,0.021112911461016147,2.477148441115306e-05,852.2726711863708
228,BRA_C10_C12,0.021112807069040358,2.4911927261802565e-05,847.4639229333483
500,CZE_Q,0.021111786997928716,2.4924781301357914e-05,846.9859677689856
310,CAN_H49,0.02111286735652833,2.4987560051155943e-05,844.9013193760109
2121,SWE_N,0.021109009525665422,2.5145360836055074e-05,839.4459008716339
1185,ITA_C19,0.021112171475157364,2.5224367231926862e-05,836.9420861566856
2193,TWN_C19,0.021112859295859435,2.5278621004045663e-05,835.173094267537
493,CZE_M71,0.021112099951498427,2.529136304358993e-05,834.7223197418501
1240,JPN_C18,0.02111289621841019,2.5617519490149925e-05,824.1263210595716
978,HUN_F,0.021111705229349267,2.5618271780553393e-05,824.0556332039989
94,AUT_J61,0.021112171009127705,2.5772527655922343e-05,819.1416903023932
231,BRA_C17,0.0211126674091715,2.5842723580228372e-05,816.9359706866566
1788,POL_Q,0.021111523685406915,2.5958124911866923e-05,813.2602218711934
1037,IDN_G47,0.021113000197958295,2.6059255122353743e-05,810.1609174135892
24,AUS_E36,0.021112906164193004,2.606576367303214e-05,809.9550227647078
1746,POL_C20,0.02111148591967646,2.6090344907013963e-05,809.1375126470081
877,GBR_J59_J60,0.021111994713585887,2.6104742436821775e-05,808.710756442909
756,FIN_G46,0.02111026487997781,2.615010269083273e-05,807.2418639301973
1269,JPN_J59_J60,0.021112990418642303,2.6251559097402242e-05,804.2259933711182
1072,IND_C18,0.02111257611036607,2.681895275232976e-05,787.1966183285723
1672,NLD_M74_M75,0.021112184083022397,2.7293090554464187e-05,773.5075122174868
1197,ITA_C31_C32,0.021112186240843357,2.7581010177506406e-05,765.433197398379
750,FIN_C33,0.021110494867265996,2.7654245879459716e-05,763.3450434423843
2151,TUR_D35,0.02111211427330149,2.766716293481065e-05,763.0472006054049
1159,IRL_J62_J63,0.021112325889144516,2.7711238786312598e-05,761.8412230040449
43,AUS_L68,0.02111294062239982,2.776428094637745e-05,760.4079592486327
927,GRC_H50,0.02111184099093895,2.7937097121562986e-05,755.6649581064187
2087,SWE_C25,0.021109150717206364,2.7962129983385787e-05,754.8922717073627
1014,IDN_C16,0.02111297692642042,2.798272884324064e-05,754.473324291097
303,CAN_D35,0.021112769662731793,2.848190202747615e-05,741.2436289801254
2234,TWN_O84,0.021112904080594127,2.8585803071689787e-05,738.5542212484318
1876,ROU_G46,0.02111203329368309,2.8590732322069965e-05,738.3964376788289
2233,TWN_N,0.02111289787610764,2.8609932514810013e-05,737.9311340229428
2131,TUR_B,0.02111227526048948,2.881276469626843e-05,732.7149188257117
237,BRA_C23,0.021112663326160425,2.8993612618698204e-05,728.1581445425202
1295,KOR_C17,0.02111270158860914,2.9024365323639916e-05,727.3879709418766
784,FRA_A01,0.021112109270720374,2.9119170087530754e-05,724.999517765886
1706,NOR_F,0.02110791872207228,2.914527739944998e-05,724.2063345787894
1953,RUS_N,0.02111234000104535,2.932886394016175e-05,719.8240006881164
1516,MEX_C10_C12,0.021112870384367422,2.933462566411185e-05,719.7007020101211
829,FRA_M71,0.021111701389408606,2.9364815888116534e-05,718.9209886026657
2116,SWE_M69_M70,0.021108474529322154,2.99697825686101e-05,704.3017472433341
1545,MEX_H52,0.021112816807611116,3.0022290301196603e-05,703.2146242402235
669,ESP_R_S,0.021112252409898773,3.0034499176262195e-05,702.9099894761966
1104,IND_K64,0.021112878280747756,3.0050675479459346e-05,702.5524515323162
575,DNK_C25,0.021098470684745376,3.0080287587013885e-05,701.3819014134755
1750,POL_C24,0.021111687959718115,3.010982480477804e-05,701.1328350051731
1725,NOR_M71,0.021108552509498602,3.0300346446108978e-05,696.6209421432878
2363,CHE_C21,0.02111171382314386,3.0391915799462344e-05,694.6261412508941
1766,POL_H49,0.02111190058437762,3.069922815155073e-05,687.6789475361346
2132,TUR_C10_C12,0.021112252126139132,3.071782223455151e-05,687.2741397745637
1624,NLD_A01,0.021111939502441703,3.0741537192293696e-05,686.7338037321747
329,CAN_N,0.021112788748613654,3.0810593487414234e-05,685.2222283549762
587,DNK_G45,0.021089720862081655,3.091974309824322e-05,682.0573747233093
1748,POL_C22,0.021111576168736768,3.135692736027573e-05,673.2452666970886
121,BEL_C19,0.021111749247602774,3.139452797202749e-05,672.4444725507636
280,CAN_A01,0.02111280329809961,3.1495585851239715e-05,670.3203768756607
1675,NLD_P85,0.021112106004708173,3.1541521420090503e-05,669.3220787118545
577,DNK_C27,0.021096900515836958,3.164128634700722e-05,666.7312306220988
980,HUN_G46,0.021111892455111417,3.184724318220334e-05,662.8903306951842
772,FIN_M69_M70,0.021110082222811674,3.2020565013039056e-05,659.2457993297869
2378,CHE_F,0.021112005034510065,3.2244001589372844e-05,654.7372924139678
2157,TUR_G47,0.021111888133429617,3.231238226214611e-05,653.3481379992024
140,BEL_G46,0.021111900329052205,3.271810767350551e-05,645.2468245687425
545,DEU_K65,0.02111214499705408,3.289251493001136e-05,641.8330495228346
78,AUT_C33,0.021112164906552804,3.32566971578575e-05,634.8053747180394
268,BRA_M69_M70,0.02111283497674452,3.3367434040683394e-05,632.7187829972294
1759,POL_D35,0.02111191962994448,3.336997138313677e-05,632.643245159261
134,BEL_C33,0.02111202265375872,3.398360575334853e-05,621.2231151652695
1203,ITA_G45,0.021112245990222822,3.4120858937892815e-05,618.7308267304677
1103,IND_J62_J63,0.021112813509678096,3.474622443486883e-05,607.6115100719064
767,FIN_J62_J63,0.02111067884372626,3.4780833541410844e-05,606.9455429539714
11,AUS_C21,0.021112692262586857,3.4788732902036884e-05,606.8656037698622
254,BRA_H49,0.02111280062572203,3.483661134567166e-05,606.034679479974
333,CAN_R_S,0.02111282879213197,3.542642625421603e-05,595.9458821714277
555,DEU_P85,0.021112086012036207,3.5474987860892865e-05,595.1091790542984
2141,TUR_C23,0.021112185175183398,3.547824380851293e-05,595.0573605550667
1058,IDN_O84,0.02111278977768801,3.5537059208856095e-05,594.0895549081278
323,CAN_L68,0.021112851450395417,3.582108727182426e-05,589.3808278168552
1564,MEX_Q,0.021112807367919692,3.5965578816628205e-05,587.01183327892
290,CAN_C20,0.021112786971615043,3.5985274570425466e-05,586.6899873255045
1038,IDN_H49,0.021113000965245578,3.610429593065182e-05,584.761886616239
1874,ROU_F,0.021112092666038095,3.631053604662958e-05,581.4155765519512
812,FRA_G46,0.021112201512758173,3.653786885164277e-05,577.8011792997521
791,FRA_C17,0.021112059937956982,3.670355101443217e-05,575.1891619558498
512,DEU_C18,0.021111749974343206,3.6753337912764006e-05,574.4015855883923
1673,NLD_N,0.02111205774568458,3.703714934262687e-05,570.0084404969689
4,AUS_C10_C12,0.021112939088124564,3.704090498523444e-05,569.97444101594
35,AUS_I,0.021112939668830467,3.7053490558271114e-05,569.7808646330922
870,GBR_H49,0.021111818025869335,3.7322899904570844e-05,565.6380517536403
1052,IDN_M69_M70,0.02111291509670137,3.7346067418072946e-05,565.3165444118493
1060,IDN_Q,0.021112985928563043,3.7789686111250666e-05,558.6822601317497
331,CAN_P85,0.0211128380630077,3.801047077242158e-05,555.4333372000348
75,AUT_C29,0.021112062724421652,3.837938974341001e-05,550.0742140860265
251,BRA_G45,0.021112706751511928,3.848357828093818e-05,548.6017437267664
2098,SWE_F,0.021108441061210986,3.8573023882402144e-05,547.2190592706318
2184,TWN_A01,0.02111283666226695,3.905506865502687e-05,540.577620567797
1239,JPN_C17,0.021112883634043955,3.9167055890112816e-05,539.0332288453835
319,CAN_J62_J63,0.021112837310244062,3.937792076915477e-05,536.1456560480855
628,ESP_C22,0.021112175188801204,3.9393577653731096e-05,535.9157642042052
1221,ITA_M71,0.02111226060851444,3.9490499063697414e-05,534.6026640939011
1019,IDN_C21,0.02111295238119115,3.959224745749741e-05,533.2462916525222
515,DEU_C21,0.021111653993651086,3.9601769157975845e-05,533.0852978850162
780,FIN_Q,0.021110404863272314,3.969963102531429e-05,531.7397814108218
533,DEU_G47,0.021112021738050553,3.974339116380828e-05,531.194996824493
1046,IDN_J61,0.02111292362992488,3.975352138708703e-05,531.0823245574961
517,DEU_C23,0.02111205202783955,4.007517593749427e-05,526.7980672798584
1532,MEX_C30,0.021112800214784098,4.0132226648453296e-05,526.0678489602024
1336,KOR_M74_M75,0.021112926099915427,4.018270080150172e-05,525.41019564645
156,BEL_M69_M70,0.021111906217784113,4.026328121658175e-05,524.3333689287305
2294,USA_T,0.021112894824704565,4.028945114356548e-05,524.0173347643531
2197,TWN_C23,0.02111286894737818,4.0798881263862094e-05,517.4737840739404
1043,IDN_I,0.021112973475629265,4.096519900990745e-05,515.3754555193956
2222,TWN_J61,0.021112873736470462,4.105886454781091e-05,514.1973547400825
1979,SVK_C29,0.021112131960273964,4.116512773832057e-05,512.8520247149984
129,BEL_C27,0.02111204482824979,4.139167033870872e-05,510.04307418423974
798,FRA_C24,0.021112042515370102,4.141623646091467e-05,509.74049259161643
1015,IDN_C17,0.021112694902181244,4.149112276215414e-05,508.83621990626585
1677,NLD_R_S,0.02111222605007566,4.153471837844689e-05,508.2908608372814
556,DEU_Q,0.021112117634714753,4.166627803624494e-05,506.68338873372153
1867,ROU_C29,0.021112075961537965,4.196371736966801e-05,503.0911033085551
504,DEU_A01,0.02111167775036314,4.216405362431698e-05,500.69135304473645
1936,RUS_H51,0.021112405300291046,4.2370913716406914e-05,498.2641435927419
1077,IND_C23,0.021112905073165048,4.265430763659696e-05,494.96548596102065
1255,JPN_D35,0.021112928173877228,4.336610276495042e-05,486.84202604700715
1067,IND_B,0.02111285207825972,4.3502558243428105e-05,485.3132233487854
2271,USA_H50,0.021112788561411185,4.405873087111694e-05,479.18559972983246
1664,NLD_K64,0.0211121899812335,4.421034184836164e-05,477.5288217590225
474,CZE_F,0.02111210869106034,4.462055834194844e-05,473.13696508023975
29,AUS_G47,0.021112919524749488,4.463662065358525e-05,472.98487723166124
1036,IDN_G46,0.02111300051347839,4.468140558059863e-05,472.5126196572949
550,DEU_M72,0.02111217042752466,4.475646019082905e-05,471.70170821825616
2237,TWN_R_S,0.02111290534009454,4.496921762457209e-05,469.4863946701978
668,ESP_Q,0.021111854317014817,4.507196001270653e-05,468.39289700661254
969,HUN_C27,0.021111878117304774,4.517388602443534e-05,467.33661056466735
796,FRA_C22,0.02111178607627113,4.5254753927594255e-05,466.4994888837422
1262,JPN_H49,0.021112950351520932,4.530146853183651e-05,466.0441480508664
1977,SVK_C27,0.021112134834977123,4.5343026374315745e-05,465.5990330610712
244,BRA_C30,0.021112698769615135,4.5545840504622145e-05,463.5381628166413
1741,POL_C13_C15,0.021111339740336858,4.566076665463798e-05,462.34172015314533
539,DEU_I,0.021112077661028367,4.583751608690209e-05,460.57506794075596
1245,JPN_C23,0.02111292911232363,4.62241921139715e-05,456.7407542681099
285,CAN_C13_C15,0.02111279144104229,4.651926217651987e-05,453.84076643700706
1887,ROU_J62_J63,0.021112119663183635,4.692298805212262e-05,449.92168269526746
2235,TWN_P85,0.0211129057281832,4.692731194033058e-05,449.896978076439
1061,IDN_R_S,0.021113002198979394,4.717667020971691e-05,447.52108582570213
73,AUT_C27,0.021112082853748392,4.72108692843316e-05,447.17744020262603
117,BEL_C13_C15,0.021111972347466958,4.748102761120097e-05,444.6308089523679
2219,TWN_I,0.021112891097390233,4.754981222562456e-05,444.006949812158
13,AUS_C23,0.021112864979501832,4.8076101099879525e-05,439.1459654699259
1515,MEX_B,0.021112835366970752,4.8176090143115975e-05,438.2339262137351
576,DNK_C26,0.021094173495370776,4.833871945515586e-05,436.37351919138814
1663,NLD_J62_J63,0.02111225010684691,4.8412427991179176e-05,436.08252881191385
1775,POL_J62_J63,0.021111997668456416,4.84146871637763e-05,436.05696635143516
1636,NLD_C22,0.02111171736761346,4.851610917722589e-05,435.13963889512564
276,BRA_Q,0.0211127079020356,4.87412609295384e-05,433.149950359423
1117,IND_R_S,0.02111283172595827,4.9601142383390216e-05,425.6435450463147
21,AUS_C31_C32,0.021112875933641383,5.018164181525243e-05,420.72069484441465
2236,TWN_Q,0.021112287876639216,5.0316004731224016e-05,419.58554547143126
845,GBR_C13_C15,0.021111972461063253,5.096496201459277e-05,414.23671067012117
513,DEU_C19,0.02111142991009905,5.1130924967689796e-05,412.8815788460797
2171,TUR_L68,0.021112302855832404,5.1338340353137975e-05,411.2305049229557
1638,NLD_C24,0.02111213387182841,5.200969906291219e-05,405.9190561213406
2370,CHE_C28,0.02111213460473922,5.2707830142336974e-05,400.5426519186101
300,CAN_C30,0.021112707700734267,5.345008887644835e-05,394.9911619113331
852,GBR_C22,0.021111842913573837,5.3470075400504926e-05,394.82734834569044
1758,POL_C33,0.021111728807606887,5.360174552046085e-05,393.85536323971075
1215,ITA_J62_J63,0.021112239040684513,5.3784316419761404e-05,392.5279322690311
1316,KOR_G46,0.02111291345428828,5.382625766265349e-05,392.23461069867716
1087,IND_D35,0.021112870283726073,5.4183353601797534e-05,389.6488355085898
1229,ITA_R_S,0.02111223683312589,5.43165315196331e-05,388.6818167628781
1228,ITA_Q,0.021111811811351043,5.43967685885392e-05,388.10069528842746
72,AUT_C26,0.021112073792333416,5.515734608830245e-05,382.7539309923344
1196,ITA_C30,0.021112254658479542,5.541166690933968e-05,381.0005155142807
275,BRA_P85,0.0211127860915223,5.5939643126799985e-05,377.414075195135
557,DEU_R_S,0.021112046894872415,5.6442518743082004e-05,374.0384611910825
867,GBR_G45,0.021111978823616,5.6554635217579946e-05,373.29575987245704
1021,IDN_C23,0.02111295212127857,5.66789090627962e-05,372.49446003675365
1751,POL_C25,0.021111771762702437,5.681971535884976e-05,371.5506154643001
636,ESP_C30,0.021112262669104216,5.694480463074268e-05,370.7430741562756
486,CZE_J61,0.02111220888114921,5.725763871648874e-05,368.71657018750494
1541,MEX_G47,0.0211128447652002,5.7719076962624934e-05,365.7799136143087
834,FRA_O84,0.02111225137363176,5.825870716343326e-05,362.3816939966165
828,FRA_M69_M70,0.021112200592330932,5.8264285562505476e-05,362.3461275184572
1188,ITA_C22,0.02111217047336126,5.9066250522189046e-05,357.42598964260776
1633,NLD_C19,0.021111813138084665,5.9888633838693615e-05,352.5119755273024
1270,JPN_J61,0.021112989656177843,5.995592709758327e-05,352.1359528952387
2274,USA_H53,0.021112891987918225,5.998628113586988e-05,351.956141170959
34,AUS_H53,0.021112880246192678,6.012563195002403e-05,351.14024453824806
1645,NLD_C31_C32,0.021112058896947682,6.0443201739276784e-05,349.2817886488691
2369,CHE_C27,0.021112092506376426,6.085420907660472e-05,346.92334192460766
1629,NLD_C13_C15,0.02111162136277622,6.14148228051251e-05,343.7488972469562
74,AUT_C28,0.02111205613177807,6.179704883183099e-05,341.6298172977859
794,FRA_C20,0.021111722786088347,6.182702210575236e-05,341.4588089196557
2089,SWE_C27,0.021109480118833714,6.20792460414559e-05,340.03538105724067
2209,TWN_E37_E39,0.021112872568567455,6.212302202197183e-05,339.85038124383385
5,AUS_C13_C15,0.021112826656613442,6.2155029486971e-05,339.67463544367905
1198,ITA_C33,0.021112229032651784,6.216682320086948e-05,339.60058347927657
2188,TWN_C10_C12,0.021112891416769166,6.32353902710265e-05,333.8724953508711
773,FIN_M71,0.021110532090698426,6.371671158561407e-05,331.3134066708177
970,HUN_C28,0.02111165104878484,6.41881014964956e-05,328.8977498763934
2223,TWN_J62_J63,0.021112908386226203,6.43265575504544e-05,328.20938941551753
128,BEL_C26,0.021112049711123758,6.433709132417196e-05,328.1423069383458
1318,KOR_H49,0.021112893672376603,6.45998232274372e-05,326.8208146209746
2091,SWE_C29,0.021109354173142757,6.459882206772961e-05,326.77108848706547
805,FRA_C31_C32,0.021112178196144308,6.50634121967853e-05,324.481194608985
1669,NLD_M71,0.021112220643145645,6.602766342712648e-05,319.7432682617673
2128,TUR_A01,0.02111229080954339,6.627006436464045e-05,318.5747959830271
327,CAN_M73,0.02111287405624387,6.638108527436835e-05,318.05078085421394
1214,ITA_J61,0.021112281978092402,6.709265905061133e-05,314.66881187932523
1933,RUS_G47,0.02111240108650822,6.76744234587243e-05,311.9655556996228
1674,NLD_O84,0.02111221868160546,6.801883769733152e-05,310.38325577236293
247,BRA_D35,0.02111277018767143,6.811480197602386e-05,309.95407196560546
44,AUS_M69_M70,0.0211128607886186,6.830661530278613e-05,309.08502214624156
1326,KOR_J61,0.021112911691034845,6.8625336205807e-05,307.65028206836314
1275,JPN_L68,0.02111298409063228,6.868351083296961e-05,307.3907615353901
631,ESP_C25,0.02111214209062838,6.877036952706901e-05,306.9902815054229
1628,NLD_C10_C12,0.02111178767370329,6.978785686852222e-05,302.5094351878633
1925,RUS_C31_C32,0.021112371754389826,7.025607933741985e-05,300.5016996649489
1285,JPN_R_S,0.021112966152496075,7.032789211604456e-05,300.2033092979641
1540,MEX_G46,0.02111284503410091,7.050769438669267e-05,299.43605136568243
2180,TUR_Q,0.02111227877172938,7.069574789241457e-05,298.63154106972195
1337,KOR_N,0.02111291909724577,7.116969600077144e-05,296.6518565030883
1325,KOR_J59_J60,0.02111294606358426,7.13091241484315e-05,296.0722101624422
2149,TUR_C31_C32,0.021112186804790403,7.265616738148521e-05,290.572665652395
468,CZE_C30,0.0211121211949428,7.319540500961564e-05,288.43112161272603
2262,USA_C33,0.0211128960389433,7.320357422424623e-05,288.4095189771687
10,AUS_C20,0.021112842810189977,7.323829833108911e-05,288.2720519077919
1651,NLD_G45,0.02111200797685491,7.337424430208406e-05,287.7265783257538
1944,RUS_K64,0.021112288470497093,7.396270779560204e-05,285.4411859508272
811,FRA_G45,0.02111220159240936,7.407920485574003e-05,284.99113404886197
2176,TUR_M74_M75,0.021112160936914988,7.439465763648554e-05,283.78216696563
893,GBR_R_S,0.02111150913449703,7.458897267559587e-05,283.03414490194916
1029,IDN_C31_C32,0.02111293890757386,7.467060428192475e-05,282.74387714855254
1008,IDN_A01,0.02111296998814624,7.500184128260242e-05,281.49560239451336
1317,KOR_G47,0.02111291235555313,7.516329997214558e-05,280.89016146464695
2178,TUR_O84,0.02111231983919644,7.521865634358511e-05,280.675568933212
745,FIN_C27,0.021110507723381244,7.566055814546597e-05,279.01233123952386
12,AUS_C22,0.02111278486337498,7.763597142193094e-05,271.9424067772307
2272,USA_H51,0.021112705663994178,7.776752381254246e-05,271.4813735552627
39,AUS_J62_J63,0.02111287398275411,7.802663149059639e-05,270.5820179265413
1535,MEX_D35,0.021112756299416793,7.841795007721969e-05,269.23028526430045
233,BRA_C19,0.02111258815761508,7.935533741866864e-05,266.0479155713697
0,AUS_A01,0.021112902581638546,7.936257537922764e-05,266.02761381091415
2143,TUR_C25,0.02111217571252185,7.961995458386548e-05,265.158535499398
269,BRA_M71,0.021112663651119194,7.976325383437934e-05,264.6882862460801
1243,JPN_C21,0.02111286656763725,8.004911100992051e-05,263.74562510001715
1937,RUS_H52,0.021112405501401265,8.071824293652187e-05,261.5535618688123
1927,RUS_D35,0.021112346145090256,8.101393290242937e-05,260.5982056482968
1754,POL_C28,0.021111710485958734,8.161345729990871e-05,258.67611186066597
30,AUS_H49,0.021112911746200523,8.187752351482135e-05,257.8565274492125
1312,KOR_E36,0.02111290457958126,8.193526075004422e-05,257.6747387092578
1301,KOR_C23,0.021112898674003847,8.272303889495572e-05,255.2208397466344
553,DEU_N,0.021112081395013686,8.343551912258071e-05,253.03166547488496
1109,IND_M71,0.021112823340885562,8.363486864339204e-05,252.43742527391873
49,AUS_N,0.021112908816770106,8.543585960303685e-05,247.11709811042317
642,ESP_F,0.021112241519359164,8.550214938361624e-05,246.91770620796106
1059,IDN_P85,0.021112830816450125,8.577466550459576e-05,246.14009920236555
632,ESP_C26,0.021112192343700993,8.598586778625152e-05,245.528100827934
754,FIN_F,0.02111068383023373,8.649694218369309e-05,244.0599544599755
1297,KOR_C19,0.02111283455211193,8.659107377172371e-05,243.8194817665429
543,DEU_J62_J63,0.02111214382666533,8.66352756516447e-05,243.6871122156154
1075,IND_C21,0.021112850082607413,8.703236821468132e-05,242.58339664080663
292,CAN_C22,0.021112768429583272,8.771137952795262e-05,240.70454527863936
1762,POL_F,0.02111197651596771,8.802416780163779e-05,239.8402302798553
37,AUS_J59_J60,0.021112875683367595,8.887699980643413e-05,237.5489517017593
122,BEL_C20,0.021111778881708034,8.96354889962434e-05,235.5266155348054
277,BRA_R_S,0.021112781356699882,8.997000885335743e-05,234.6620497621776
1333,KOR_M71,0.021112920980504882,9.019697199011332e-05,234.07312287264162
127,BEL_C25,0.021112029273492188,9.03130533952846e-05,233.7623933352821
1146,IRL_F,0.021112255486326184,9.10231104492266e-05,231.9413546820942
2204,TWN_C30,0.02111289063382317,9.202211372322842e-05,229.43030049301478
227,BRA_B,0.021112734758823106,9.217334218224895e-05,229.05218804901892
544,DEU_K64,0.021112099429050814,9.247762978161574e-05,228.2916548277815
1321,KOR_H52,0.02111292909844024,9.259914111606592e-05,228.00104669362318
1288,KOR_A01,0.021112910127393643,9.318512283123552e-05,226.56710555100702
2140,TUR_C22,0.02111213179171503,9.384173787914545e-05,224.9735277214962
1643,NLD_C29,0.02111187364643308,9.421125702199675e-05,224.0883969216857
1328,KOR_K64,0.021112918937807607,9.437145138185863e-05,223.71908993206654
1323,KOR_I,0.02111293928581383,9.58504983717268e-05,220.2671804246045
1524,MEX_C22,0.02111273235683123,9.590151923274408e-05,220.14783892791306
1299,KOR_C21,0.02111280490443726,9.597661128211614e-05,219.97635305152968
833,FRA_N,0.021112200897765686,9.712068948172363e-05,217.37884720115562
2090,SWE_C28,0.021109498064396028,9.822775821802548e-05,214.90140410349122
626,ESP_C20,0.021111909153654237,9.912482861940323e-05,212.98090969523273
236,BRA_C22,0.021112657846965848,9.994286176608213e-05,211.2451677760848
879,GBR_J62_J63,0.021111620612375464,0.00010090629857609451,209.21797442090002
2288,USA_M74_M75,0.021112904865348673,0.00010170033996472554,207.59711595414132
130,BEL_C28,0.021111835034904134,0.00010231523164792849,206.3390597451853
1956,RUS_Q,0.021112271147514405,0.00010266741966188921,205.63549353386352
527,DEU_D35,0.02111200589026708,0.0001028741914326882,205.2196024741376
1313,KOR_E37_E39,0.021112917179968115,0.00010480301913239769,201.45140763443828
466,CZE_C28,0.021112074694622604,0.00010504837638814425,200.9728702873603
654,ESP_J61,0.02111226363800985,0.0001056104411189116,199.90508049444014
630,ESP_C24,0.021112093354151547,0.00010648726879703037,198.25745683209283
273,BRA_N,0.021112781086199635,0.00010701402495524463,197.28800787580371
855,GBR_C25,0.02111203777153404,0.00010739624913032718,196.57894352502885
1641,NLD_C27,0.02111202021702084,0.000107650219329023,196.11501243190278
1022,IDN_C24,0.021112949510447537,0.00010793667562723449,195.60315142751125
1338,KOR_O84,0.02111293220717774,0.00010806653064769662,195.36795261850233
1035,IDN_G45,0.021112996720421773,0.00010870392917521006,194.22299320384957
294,CAN_C24,0.021112734189463477,0.00010906622023550986,193.5754312237403
1646,NLD_C33,0.021112102599713085,0.00010939771763323636,192.98309026338194
830,FRA_M72,0.02111223272995429,0.00010954000179414949,192.733610101801
634,ESP_C28,0.021112120556611366,0.00010976296870782763,192.34108246220686
2147,TUR_C29,0.021112279515431775,0.00011011018205745714,191.73601736847374
1012,IDN_C10_C12,0.02111296550894778,0.00011064016166068302,190.8237873866286
263,BRA_J62_J63,0.021112816116562443,0.000111389389459477,189.53893795517368
862,GBR_C33,0.021112101023900234,0.0001122818832355373,188.0259966215251
823,FRA_J62_J63,0.021112277763373245,0.00011231108448379037,187.97868333055746
1526,MEX_C24,0.02111278463977628,0.00011292924099975337,186.9542157429947
1232,JPN_A01,0.021112917895973818,0.00011448258035980902,184.41874223026824
633,ESP_C27,0.021112165594297547,0.0001148607913847369,183.80494801427048
1102,IND_J61,0.02111270054010755,0.00011516291942151995,183.3273880062331
854,GBR_C24,0.021111962966744103,0.00011517359002272648,183.30399928124987
23,AUS_D35,0.021112916649064156,0.00011529267696156336,183.1229361875828
1260,JPN_G46,0.02111296338909301,0.00011546429755218803,182.85115819798904
1339,KOR_P85,0.02111294491479492,0.00011613549973013526,181.79422458791828
1644,NLD_C30,0.021112085810912756,0.00011619046886287589,181.7008255212637
524,DEU_C30,0.02111211408283307,0.00011647731300465661,181.25360454000605
50,AUS_O84,0.021112907417391566,0.00011653697970512186,181.16761137282398
1186,ITA_C20,0.02111218582152793,0.00011940955875772037,176.80334169077776
2263,USA_D35,0.021112840425554565,0.00011974371976636995,176.31541889067964
547,DEU_L68,0.02111213773410139,0.00011980873655606723,176.21387327082192
14,AUS_C24,0.02111288750633721,0.00012093586890793227,174.57775860238442
1920,RUS_C26,0.021112374158717084,0.00012388275592821268,170.42084331824054
1907,RUS_B,0.021112380069601325,0.00012474656922162005,169.2408132786473
891,GBR_P85,0.02111195419561379,0.00012493304557621566,168.98479592365803
1522,MEX_C20,0.021112702492710533,0.0001249527951079629,168.9640756766826
799,FRA_C25,0.021112112235351192,0.00012550199727438707,168.21998433387057
586,DNK_F,0.021090555865091395,0.0001259570974976984,167.44104812695176
549,DEU_M71,0.021112075093737696,0.00012625327397424897,167.21869627988792
19,AUS_C29,0.021112788486320245,0.00012664802995809241,166.70312037373182
2189,TWN_C13_C15,0.02111288110693457,0.00012716451505348332,166.02678090876216
746,FIN_C28,0.021110566962625192,0.0001272639760241515,165.8788428846203
1904,RUS_A01,0.02111226756139228,0.0001278336529600876,165.15293054367606
27,AUS_G45,0.021112726928209403,0.00012817909739328806,164.71142835404757
17,AUS_C27,0.021112782004653836,0.00012845795589709548,164.35430178621908
688,EST_C26,0.02111104338185675,0.00012872183044495696,164.00387801357448
2145,TUR_C27,0.02111232738476489,0.00012942597307339052,163.12154169589763
1918,RUS_C24,0.021112347474328257,0.00013258436339945903,159.23588345660787
1300,KOR_C22,0.021112883142899993,0.0001330047857521988,158.73657693534557
1527,MEX_C25,0.02111278188643298,0.00013328422862938353,158.40301362381084
238,BRA_C24,0.021112685870053476,0.00013346365255260611,158.18934426650347
2196,TWN_C22,0.02111282920426429,0.0001349814385366368,156.41167423815557
1116,IND_Q,0.021112825777611283,0.00013514797747491125,156.21890873373883
860,GBR_C30,0.02111210953132665,0.00013522894045870783,156.12008302091346
837,FRA_R_S,0.021112237843320645,0.00013672060060895025,154.41772001854818
836,FRA_Q,0.021111807601996078,0.0001392663181695907,151.59197347569722
1020,IDN_C22,0.021112915314330787,0.00014130197364719657,149.41593067280553
850,GBR_C20,0.02111150686846796,0.00014164250385870447,149.04677089552658
1311,KOR_D35,0.021112865559971307,0.00014287304036577334,147.77258000067778
863,GBR_D35,0.02111110714272446,0.00014307072638366404,147.55610822862715
1542,MEX_H49,0.021112812931316068,0.0001432364533417635,147.39729336670803
239,BRA_C25,0.021112718180697355,0.00014342222799867588,147.20571050661525
2273,USA_H52,0.021112928397850714,0.00014454712228229965,146.06158879475154
131,BEL_C29,0.021111872613535622,0.0001452842962111682,145.31320900395932
1253,JPN_C31_C32,0.02111293417273644,0.00014551292358317783,145.09219223044306
1639,NLD_C25,0.02111218441604848,0.00014676381619264996,143.85044701950704
1011,IDN_B,0.02111292404823622,0.0001476711241395395,142.9716283371534
28,AUS_G46,0.0211129171535985,0.00014960544574533897,141.12304485554748
1027,IDN_C29,0.02111296728655689,0.000149741452525548,140.99520163097867
2166,TUR_J61,0.021112246452606044,0.00015139402518421946,139.45138835913787
861,GBR_C31_C32,0.02111197132170232,0.00015254409647090368,138.3982298357863
295,CAN_C25,0.021112667787031438,0.0001530125466050522,137.97907607178058
532,DEU_G46,0.02111186873471475,0.0001530316724019397,137.9566102019346
1668,NLD_M69_M70,0.021112132879813426,0.0001534775222801405,137.55757200527367
1084,IND_C30,0.02111272906265579,0.00015390892768508258,137.1758753980761
20,AUS_C30,0.021112794913033965,0.00015428232032527414,136.8443125836419
1094,IND_H49,0.021112866303197735,0.00015612896604587343,135.2262274686875
2230,TWN_M72,0.02111285619024268,0.0001565899622649695,134.82806341350246
2138,TUR_C20,0.02111210867225961,0.00015720135730115423,134.2989318653468
1309,KOR_C31_C32,0.021112910229634695,0.00015789178710549594,133.7167492998152
1018,IDN_C20,0.02111287689949766,0.00015998038607876468,131.97083371376104
578,DNK_C28,0.02109312043734236,0.0001599308374304375,131.88818922009094
2246,USA_C16,0.021112937602627283,0.0001601374047444159,131.84181293877603
2206,TWN_C33,0.02111284638918403,0.00016185300552969405,130.44376825948015
297,CAN_C27,0.0211127297477559,0.00016197370189178226,130.3458472290422
16,AUS_C26,0.021112450384957276,0.00016278304982895975,129.69606301809375
1753,POL_C27,0.021111960451131354,0.00016517793986833856,127.81266466511623
1914,RUS_C20,0.0211117504310037,0.00016648757323506588,126.80600248280065
1652,NLD_G46,0.021111901420988757,0.0001692556470341626,124.7330712910055
1676,NLD_Q,0.02111216430792004,0.0001707031728714329,123.67690814342788
1916,RUS_C22,0.021111638733960627,0.00017153441733132788,123.07451756847748
1064,IND_A01,0.021112870164275085,0.00017215337025930046,122.63917629552297
1191,ITA_C25,0.021112217285220218,0.0001733039380815712,121.8212101681899
508,DEU_C10_C12,0.02111164156399459,0.00017412971075667555,121.24019635740933
1932,RUS_G46,0.021112402185136672,0.00017508211913064165,120.58502435853481
789,FRA_C13_C15,0.02111217858319638,0.00017519981771927422,120.50273998734758
2142,TUR_C24,0.021112147771761618,0.0001772835072711994,119.08625348443731
518,DEU_C24,0.021111815134400125,0.00017785098624368108,118.70441022499523
1517,MEX_C13_C15,0.021112826677816717,0.00017931698575837036,117.73959309506239
38,AUS_J61,0.021112920349572056,0.00017950130440050953,117.61921619938894
1774,POL_J61,0.02111177533869366,0.00018094774654520775,116.67268075503995
548,DEU_M69_M70,0.02111201233466491,0.00018236786339774955,115.76544340586945
15,AUS_C25,0.021112859089444207,0.000183154500513592,115.27286393387578
1292,KOR_C10_C12,0.021112928302058392,0.00018485726774199616,114.21143646940034
1755,POL_C29,0.021111976497647993,0.00018747159926269324,112.61366504053825
1934,RUS_H49,0.02111240507041944,0.00019143967358028905,110.28171117233886
509,DEU_C13_C15,0.021111498292733743,0.00019160583662813314,110.18134146072529
465,CZE_C27,0.021112099911009936,0.00019229706736243905,109.7884144161383
467,CZE_C29,0.021112122977286908,0.00019357041367111408,109.06632635931093
516,DEU_C22,0.021111765569905735,0.0001954666653462431,108.0064343762906
1530,MEX_C28,0.02111277084393945,0.00019561628836203566,107.92896180456871
822,FRA_J61,0.02111221381153097,0.00019575314739411393,107.85065906688313
554,DEU_O84,0.021112071750067702,0.00019631916727389285,107.53898615323378
2146,TUR_C28,0.021112152808712713,0.00019634417325623373,107.5257031206008
1340,KOR_Q,0.02111236192281193,0.00019826795158872805,106.48344964573973
1237,JPN_C13_C15,0.021112929705525647,0.00019887480009902166,106.16138160104634
126,BEL_C24,0.021111993126146526,0.00019898930383996377,106.09558716552172
1190,ITA_C24,0.021112175991911005,0.00020095714377846966,105.05757863281444
1195,ITA_C29,0.021112277519451446,0.00020198320776687584,104.52439699552457
519,DEU_C25,0.02111200404917865,0.0002062092864566438,102.38094525714894
1023,IDN_C25,0.021112915668273953,0.00020924652696748886,100.89923629804382
2088,SWE_C26,0.02110962594172609,0.00021095908639502686,100.06454918774496
51,AUS_P85,0.02111290773674389,0.0002110461229183504,100.03883229866166
1085,IND_C31_C32,0.02111290077020395,0.00021118983159086724,99.9707260545536
1922,RUS_C28,0.02111228841014844,0.00021457999567650547,98.38843530196198
2253,USA_C23,0.021112881818696597,0.0002165413471011293,97.50001374482419
1954,RUS_O84,0.021112288050569375,0.00021666511875257502,97.44157587776267
1334,KOR_M72,0.021112901635808503,0.00021930057297385612,96.27337072646289
2368,CHE_C26,0.021112087105687686,0.00022074236653482247,95.64086766048861
806,FRA_C33,0.021112192931052095,0.0002264981321727404,93.210921951572
224,BRA_A01,0.021112654007214446,0.00022908747553384513,92.1593893277067
1202,ITA_F,0.021112251779791587,0.00022957652320735526,91.96131870768083
802,FRA_C28,0.021112155996960192,0.00022970940440739384,91.90770462237123
1533,MEX_C31_C32,0.021112847319402696,0.00023097562729815,91.4068560372117
283,CAN_B,0.021112759039476965,0.0002318665337141229,91.05526203382824
2154,TUR_F,0.021112334640447133,0.00023680161085030735,89.15583559082086
1136,IRL_C26,0.02111224865629886,0.00023711583926269827,89.03732321140174
2203,TWN_C29,0.021112852409248272,0.00023722804371041268,88.99775541404995
857,GBR_C27,0.02111212891881049,0.00023725476409097574,88.98468283668356
744,FIN_C26,0.021110426653373874,0.00023727144279081448,88.97125348848611
138,BEL_F,0.02111204407410685,0.00023736426775116244,88.94327411135515
1341,KOR_R_S,0.021112916938527505,0.00023831667816602336,88.59148469808123
2291,USA_P85,0.021112934943538723,0.00023941426675682783,88.18541619980718
2248,USA_C18,0.021112834259196404,0.00024203366947207742,87.23061991592948
1076,IND_C22,0.021112812640834845,0.000242139943809183,87.19224559342847
241,BRA_C27,0.021112765435604093,0.000242960497438175,86.8975770161959
801,FRA_C27,0.021112201825724413,0.00024304548735699303,86.86487122405624
298,CAN_C28,0.021112724107052786,0.00024965869204468684,84.5660103725266
621,ESP_C13_C15,0.0211122122614999,0.00025258738262337875,83.58346509142191
245,BRA_C31_C32,0.021112694202303967,0.00025349964034136703,83.28457937571028
1909,RUS_C13_C15,0.021112205188532324,0.0002539885566539555,83.12233568444057
1252,JPN_C30,0.021112904368373944,0.00025798391621909147,81.83774725202923
1976,SVK_C26,0.0211121850454994,0.0002630248252593025,80.26658608403214
1181,ITA_C13_C15,0.02111226574252392,0.0002648049950092456,79.72729522904793
866,GBR_F,0.021111761844834424,0.0002676602998946226,78.87491338174796
1550,MEX_J61,0.021112822977842994,0.0002690709619545547,78.46533999484076
1327,KOR_J62_J63,0.021112887800446917,0.00027104536909615835,77.89400710605629
525,DEU_C31_C32,0.021112011823444476,0.00027486793867351184,76.80755754116413
2282,USA_K66,0.021112924668682993,0.000275962470021744,76.50622985360867
2276,USA_J58,0.021112938776108623,0.00027856097427713446,75.79260891906186
18,AUS_C28,0.02111274090366198,0.00028107165459625245,75.11488776448007
542,DEU_J61,0.021112159365489856,0.00028109729988640353,75.10596604113802
526,DEU_C33,0.021112083046435658,0.0002821486465246289,74.82583553260903
1193,ITA_C27,0.021112176367325305,0.0002837200937951819,74.41172626581714
1267,JPN_I,0.02111297197823309,0.00028472653098277767,74.1514946073485
635,ESP_C29,0.021112230129569115,0.00028917307225299286,73.00872434752182
858,GBR_C28,0.021111844981650606,0.0002895131869603009,72.92162502746551
1282,JPN_O84,0.021112953079490494,0.0002960579399419808,71.31334417271114
2281,USA_K65,0.021112878998841744,0.0002997936275529867,70.42447415142615
53,AUS_R_S,0.021112901439707198,0.0003021680845862068,69.87115001728057
1284,JPN_Q,0.021112344669127897,0.0003050258971096066,69.21469834032868
330,CAN_O84,0.021112791416820514,0.00030586859636345194,69.02546597581106
234,BRA_C20,0.021112662911688642,0.0003086409693718897,68.40502914964722
2286,USA_M72,0.02111290573472661,0.00030945237949933717,68.22645068179594
3,AUS_B,0.021112893401910384,0.00031008054733632314,68.08819674461553
1634,NLD_C20,0.021111642486519276,0.00031096716774062493,67.89004366558915
2265,USA_E37_E39,0.021112827451393965,0.00031115606427271696,67.85263738344503
2287,USA_M73,0.02111290490891043,0.00031159198041960456,67.75796065905875
800,FRA_C26,0.021112190317211493,0.0003131269845186723,67.42351805337455
1025,IDN_C27,0.021112831668218035,0.00031488395472089106,67.04935041095281
971,HUN_C29,0.021111736576696537,0.0003203571710103895,65.90041549466788
2199,TWN_C25,0.02111286273287398,0.0003217063204099759,65.62754837523829
2240,USA_A01,0.02111290212837873,0.00032780142955929744,64.40739977663752
514,DEU_C20,0.021111643678178867,0.00033107894737198224,63.76599925714935
318,CAN_J61,0.021112786770382405,0.0003343275188111843,63.149822950958246
1192,ITA_C26,0.02111200255230913,0.0003409604722465493,61.91902684254905
1081,IND_C27,0.02111281722910846,0.0003469016695584058,60.86092463913377
1244,JPN_C22,0.021112894327246817,0.000360839642090864,58.51030029463903
243,BRA_C29,0.02111270254741508,0.0003639307477627278,58.01280783335205
301,CAN_C31_C32,0.021112833286937235,0.00037261269690110467,56.661452497654125
1236,JPN_C10_C12,0.02111296736571573,0.0003737186695048642,56.49412939299661
803,FRA_C29,0.021112171450654776,0.00038063446501651014,55.46559212431514
1026,IDN_C28,0.021112585947426318,0.0003895982942120621,54.190513846091726
2280,USA_K64,0.021112949078517476,0.0003972140314885986,53.15244239220964
2245,USA_C13_C15,0.02111281884895265,0.00039817226414467767,53.024200141376724
1930,RUS_F,0.02111243846712031,0.00040504053835959503,52.124131644929534
2247,USA_C17,0.021112832973130543,0.00041194052002127963,51.25201502397699
242,BRA_C28,0.021112508944910544,0.0004193834128936129,50.3416633900179
1079,IND_C25,0.021112781703905577,0.00042527091240840187,49.64537061556587
530,DEU_F,0.021112037960864565,0.0004334588311015764,48.705869485556086
1538,MEX_F,0.02111282864638715,0.00043750107216556337,48.25766548231901
1662,NLD_J61,0.02111225644775284,0.00044046071079485775,47.932103813640545
859,GBR_C29,0.02111212798390455,0.00044372979806296534,47.5786852660805
2270,USA_H49,0.021112819754141067,0.0004440866546685493,47.54201007884107
1080,IND_C26,0.021112839336237036,0.0004560531111025547,46.294592729785315
229,BRA_C13_C15,0.02111277004275837,0.0004603176477351063,45.865554538446304
2267,USA_G45,0.02111292349832872,0.0004624611473302293,45.65330075166706
2133,TUR_C13_C15,0.02111226855311254,0.00046355285364117906,45.544370707475146
332,CAN_Q,0.021112775416232327,0.00046760728816493396,45.15055859913558
296,CAN_C26,0.021112773276947664,0.000468737792869045,45.041659871420315
2249,USA_C19,0.021112738080505775,0.00047022450212776557,44.899177064984464
1529,MEX_C27,0.021112773814982735,0.00047326452952929453,44.61084211220982
1082,IND_C28,0.021112759556358645,0.0004745042643703011,44.494257791589796
1069,IND_C13_C15,0.021112898238209832,0.0004771345980671524,44.249262313977226
2275,USA_I,0.02111293538046704,0.0004882801604323392,43.23929959077879
2144,TUR_C26,0.021112044314613398,0.0005102079150601319,41.379214849911406
1194,ITA_C28,0.021112218225772476,0.0005110005234588357,41.315372374762
804,FRA_C30,0.02111224390473918,0.0005146675337647126,41.021050481378204
2210,TWN_F,0.021112905683125936,0.0005150196288380798,40.99429129811369
1293,KOR_C13_C15,0.02111289782642448,0.0005245584758384089,40.24881600447598
810,FRA_F,0.021112183372889726,0.0005295089180066148,39.87117645004335
1650,NLD_F,0.02111210062469106,0.0005374669623659213,39.28066806392718
1024,IDN_C26,0.021112792502833856,0.0005454898930982318,38.70420710952524
250,BRA_F,0.02111280308942277,0.0005491154420779919,38.44868132071719
2201,TWN_C27,0.02111286277298884,0.0005608243132747798,37.646058894357466
1752,POL_C26,0.021111504328144216,0.0005683102859317852,37.14778300334201
2285,USA_M71,0.02111290605169296,0.00057434462615612,36.759931807949386
2251,USA_C21,0.02111272937484845,0.0005891086714576286,35.83836830009838
1078,IND_C24,0.021112805221175368,0.0005910728071596863,35.71940587695754
299,CAN_C29,0.021112792903645206,0.000593195447276187,35.591570044948824
2244,USA_C10_C12,0.02111292043221284,0.000593329479094883,35.58374493826828
307,CAN_G45,0.02111277068293127,0.0005955234257474112,35.45240089259772
1090,IND_F,0.021112874599842815,0.0005963842322445897,35.401404089737746
878,GBR_J61,0.02111206177673607,0.0006089565956745767,34.66918210183263
1923,RUS_C29,0.021112313635831215,0.0006104562084361701,34.58442843179029
2269,USA_G47,0.02111293625431918,0.0006242143114121513,33.823163046987354
1013,IDN_C13_C15,0.02111290116633691,0.0006381968416678897,33.08206294016864
2243,USA_B,0.021112896402066043,0.0006615338479060538,31.915017733222026
1083,IND_C29,0.02111279826639177,0.0006921220131430594,30.50440147989679
52,AUS_Q,0.021112835980019087,0.0006975440979738222,30.267341912868574
2202,TWN_C28,0.021112835655937644,0.0007164141636136065,29.470112761773848
1074,IND_C20,0.021112789030716415,0.0007299443977104505,28.923792241089362
1642,NLD_C28,0.021111957833196932,0.0007383423730733803,28.593685002301388
2261,USA_C31_C32,0.02111291126815004,0.0007384002569792925,28.592734734120477
856,GBR_C26,0.021111851176177147,0.0008348626656320232,25.287782958184774
2277,USA_J59_J60,0.021112918441023698,0.0008485206414992219,24.882003485167512
2254,USA_C24,0.02111281287826782,0.0008490085189404976,24.867580877791667
2257,USA_C27,0.02111283899555494,0.0008704161470730923,24.256000776811458
2252,USA_C22,0.021112780803844523,0.0008824280472644182,23.925754562698703
1298,KOR_C20,0.021112870003647373,0.0009100105758533809,23.20066091889916
2293,USA_R_S,0.021112923117762847,0.0009134343759778682,23.113756783462257
890,GBR_O84,0.021112059706439982,0.0009193555273134227,22.96395258989939
2194,TWN_C20,0.021112787319631465,0.0009450933665000479,22.339343104771743
2289,USA_N,0.021112939372019263,0.0009555240013583066,22.09564306743058
892,GBR_Q,0.02111160708442447,0.0009639954083083622,21.900088944803734
2279,USA_J62_J63,0.02111292099209589,0.0009889080891338808,21.349708708398346
1242,JPN_C20,0.021112886788381434,0.000989323698813588,21.340705244395803
968,HUN_C26,0.021111839721537448,0.001039741128560396,20.30488054838024
2198,TWN_C24,0.0211127594318932,0.0010490138387365372,20.126273387440353
1247,JPN_C25,0.02111294000358073,0.0010548112633010575,20.015827212235223
521,DEU_C27,0.02111207413317431,0.0010696405670304018,19.73752216061201
523,DEU_C29,0.021112045671002482,0.0011237465798362295,18.7871778767962
464,CZE_C26,0.02111185732664684,0.0011571826447094144,18.244171893691373
2268,USA_G46,0.02111294037190412,0.0011590143756892886,18.216272894005268
520,DEU_C26,0.021111897318893062,0.001183732104549589,17.835014698626807
1259,JPN_G45,0.021112921818944537,0.0011926231962723294,17.702912522599462
1305,KOR_C27,0.02111288364311013,0.0012054375122466082,17.51469148248921
2283,USA_L68,0.02111293691607319,0.0012224545375925744,17.27092419054492
1303,KOR_C25,0.02111286061274137,0.001244221692506699,16.968715278939264
240,BRA_C26,0.021112754292045992,0.0012632390220976538,16.713177165640726
2284,USA_M69_M70,0.021112900808679013,0.0012809728703875346,16.481913719513813
1308,KOR_C30,0.021112862990743327,0.0012958832514111665,16.292244440622117
306,CAN_F,0.021112808528495605,0.0013188434047408941,16.008566630453668
1258,JPN_F,0.02111296074144576,0.0013736534199171395,15.369921601329189
2292,USA_Q,0.021112902102547702,0.0013784729089330399,15.31614197826161
1531,MEX_C29,0.021112799327450534,0.0013931701428026365,15.154490843801147
370,CHN_H53,0.021112951851774128,0.0014292795899759842,14.771733415989988
1306,KOR_C28,0.021112715004834585,0.001451940839199953,14.541019781114706
2255,USA_C25,0.021112860238964085,0.001452299395672826,14.53752977129973
522,DEU_C28,0.02111188904702606,0.0014672974864910666,14.388271535339443
1246,JPN_C24,0.021112881693517258,0.0015286313513170541,13.811615118132632
2250,USA_C20,0.021112729079905208,0.001648297909565116,12.80879879091563
26,AUS_F,0.02111292195566583,0.0016702192810528216,12.640800854338401
1314,KOR_F,0.021112895129596406,0.0016786715972018716,12.577136938309978
1034,IDN_F,0.021112970973867887,0.001697479360101861,12.43782930872965
1307,KOR_C29,0.021112903677854806,0.0017127855856529104,12.32664002316822
1640,NLD_C26,0.021112164780566055,0.0017421032512674008,12.118772321005883
1250,JPN_C28,0.02111294446767727,0.0019165602483672774,11.016055179902773
1302,KOR_C24,0.021112861999552777,0.0019857896994589356,10.631967409911507
1249,JPN_C27,0.021112947080448356,0.0021223252694130023,9.948021369159145
360,CHN_E36,0.021113001683571667,0.002646977513209599,7.976264853760017
2260,USA_C30,0.021112839333102727,0.002720462389996595,7.760751131861089
1251,JPN_C29,0.02111295409052251,0.0029464797335306023,7.165481806909371
2266,USA_F,0.0211128977793541,0.0030080899781275996,7.018703201754863
2258,USA_C28,0.021112834125898795,0.003012893435741512,7.007492156193869
2278,USA_J61,0.021112917014395327,0.0030645974727884565,6.88929306787288
1528,MEX_C26,0.021112757647051443,0.0032646986892367162,6.466983078614373
2256,USA_C26,0.021112875148342748,0.0032993879310281365,6.3990258771231545
377,CHN_K65,0.021113020182219496,0.0035274982558568184,5.985265665801313
2290,USA_O84,0.021112891784515864,0.0035440550617193514,5.957268005030718
361,CHN_E37_E39,0.021112996378643202,0.003966820592160829,5.32239625305216
1248,JPN_C26,0.021112942915168232,0.0039877802106314105,5.294408544501188
2259,USA_C29,0.02111288290941818,0.005461527264237548,3.865746342038866
368,CHN_H51,0.021112389989373644,0.0062350834415677335,3.3860632020671075
367,CHN_H50,0.0211124817687074,0.0065826309896614334,3.207300940089966
337,CHN_A02,0.021113005931590056,0.006720297378229879,3.141676863632237
344,CHN_C18,0.021112763620124587,0.006786017745784011,3.1112150453815697
2200,TWN_C26,0.0211128433911252,0.007316576746582494,2.8856173094021744
385,CHN_N,0.02111300491669944,0.007458851210979051,2.830597030146565
365,CHN_G47,0.021112956986252183,0.008158425509495484,2.587871198162917
382,CHN_M72,0.021113006393090345,0.008398394423466614,2.513933356138107
1304,KOR_C26,0.021112926195999047,0.010607156326574343,1.990441505294201
369,CHN_H52,0.021113002997690783,0.011890531780450459,1.775614548778103
338,CHN_A03,0.02111302020517205,0.012472448798577358,1.6927725143123253
375,CHN_J62_J63,0.02111301130334195,0.013874422810359902,1.521721665124361
376,CHN_K64,0.02111299598953179,0.014956330725742283,1.4116426659080372
379,CHN_L68,0.02111297776571203,0.015283561006229133,1.381417352650318
343,CHN_C17,0.021112928800433778,0.015832435356134218,1.3335236804696615
357,CHN_C31_C32,0.02111301619475144,0.01681493731548113,1.2556106837045704
342,CHN_C16,0.021113026938726697,0.01798824903353192,1.173712112038129
374,CHN_J61,0.02111300136875013,0.01879102954741062,1.1235680403733617
347,CHN_C21,0.02111300740358104,0.02402738040925508,0.8787061329724656
384,CHN_M74_M75,0.021113008081943142,0.02657080509029322,0.7945941877034771
387,CHN_P85,0.021112987616961194,0.029854812913649453,0.7071887193143233
388,CHN_Q,0.02111298324971423,0.03271215457212953,0.6454170592078715
366,CHN_H49,0.021113003821985808,0.04014482061152106,0.5259209774624242
364,CHN_G46,0.02111295729706126,0.042261656836751094,0.4995771197291095
386,CHN_O84,0.021113009582825748,0.0425138590980123,0.4966147400906762
389,CHN_R_S,0.021113011619202007,0.04383953972230509,0.4815974636445024
380,CHN_M69_M70,0.021112989913248992,0.05791760243721807,0.3645349368803769
356,CHN_C30,0.021112916009274015,0.0629819712803036,0.3352215760298868
371,CHN_I,0.02111302121268126,0.06393777405182105,0.3302120099670238
348,CHN_C22,0.021112978839849885,0.06851680637573974,0.3081430622426449
345,CHN_C19,0.021112960493597194,0.08675460437636814,0.24336414651421306
349,CHN_C23,0.02111300294494056,0.09522764842496118,0.22171084839784352
336,CHN_A01,0.021113006820771878,0.09933266814535129,0.2125484697272927
339,CHN_B,0.0211129914377864,0.1033898255220615,0.204207629976836
359,CHN_D35,0.02111300596583288,0.12392410069011334,0.17037045802945106
351,CHN_C25,0.02111301268290776,0.13832101822426152,0.1526377755261981
346,CHN_C20,0.021112983016992458,0.1977398453411451,0.10677151523910805
341,CHN_C13_C15,0.021113011647143295,0.22018926587992385,0.09588574387078043
340,CHN_C10_C12,0.0211130127888857,0.22456868045573597,0.09401583805908938
353,CHN_C27,0.021112983145390757,0.24472396033865926,0.08627264379793904
354,CHN_C28,0.021112980229755305,0.24588488126588434,0.08586530426431449
355,CHN_C29,0.02111299061533498,0.30326105065437975,0.0696198555671996
350,CHN_C24,0.021113004361222622,0.3812195281088314,0.055382798490355496
352,CHN_C26,0.02111298308131727,0.4022926778514803,0.05248164878762764
362,CHN_F,0.021113022382694913,0.49135806339721433,0.04296871042219656
